balls,strikes,outs_when_up,inning,at_bat_number,pitch_number,home_score,away_score,bat_score,n_thruorder_pitcher,n_priorpa_thisgame_player_at_bat,pitch_type_map,prop_CU,prop_FC,prop_FF,prop_SI,prop_CH,prop_SL,batter_is_right,pitcher_is_right,inning_top
0,2,2,7,55,3,0,5,0,3,2,0.0,0.27636363636363637,0.13090909090909092,0.2909090909090909,0.13090909090909092,0.16363636363636364,0.007272727272727273,0,0,0
0,1,2,7,55,2,0,5,0,3,2,5.0,0.27636363636363637,0.13090909090909092,0.2909090909090909,0.13090909090909092,0.16363636363636364,0.007272727272727273,0,0,0
0,0,2,7,55,1,0,5,0,3,2,0.0,0.27636363636363637,0.13090909090909092,0.2909090909090909,0.13090909090909092,0.16363636363636364,0.007272727272727273,0,0,0
3,2,2,7,54,6,0,5,0,3,2,5.0,0.27636363636363637,0.13090909090909092,0.2909090909090909,0.13090909090909092,0.16363636363636364,0.007272727272727273,1,0,0
2,2,2,7,54,5,0,5,0,3,2,3.0,0.27636363636363637,0.13090909090909092,0.2909090909090909,0.13090909090909092,0.16363636363636364,0.007272727272727273,1,0,0
2,1,2,7,54,4,0,5,0,3,2,0.0,0.27636363636363637,0.13090909090909092,0.2909090909090909,0.13090909090909092,0.16363636363636364,0.007272727272727273,1,0,0
1,1,2,7,54,3,0,5,0,3,2,3.0,0.27636363636363637,0.13090909090909092,0.2909090909090909,0.13090909090909092,0.16363636363636364,0.007272727272727273,1,0,0
1,0,2,7,54,2,0,5,0,3,2,3.0,0.27636363636363637,0.13090909090909092,0.2909090909090909,0.13090909090909092,0.16363636363636364,0.007272727272727273,1,0,0
0,0,2,7,54,1,0,5,0,3,2,3.0,0.27636363636363637,0.13090909090909092,0.2909090909090909,0.13090909090909092,0.16363636363636364,0.007272727272727273,1,0,0
2,2,2,7,53,5,0,5,0,3,2,3.0,0.27636363636363637,0.13090909090909092,0.2909090909090909,0.13090909090909092,0.16363636363636364,0.007272727272727273,1,0,0
2,1,2,7,53,4,0,5,0,3,2,4.0,0.27636363636363637,0.13090909090909092,0.2909090909090909,0.13090909090909092,0.16363636363636364,0.007272727272727273,1,0,0
1,1,2,7,53,3,0,5,0,3,2,0.0,0.27636363636363637,0.13090909090909092,0.2909090909090909,0.13090909090909092,0.16363636363636364,0.007272727272727273,1,0,0
1,0,2,7,53,2,0,5,0,3,2,4.0,0.27636363636363637,0.13090909090909092,0.2909090909090909,0.13090909090909092,0.16363636363636364,0.007272727272727273,1,0,0
0,0,2,7,53,1,0,5,0,3,2,0.0,0.27636363636363637,0.13090909090909092,0.2909090909090909,0.13090909090909092,0.16363636363636364,0.007272727272727273,1,0,0
0,2,1,7,52,3,0,5,0,3,2,3.0,0.27636363636363637,0.13090909090909092,0.2909090909090909,0.13090909090909092,0.16363636363636364,0.007272727272727273,1,0,0
0,1,1,7,52,2,0,5,0,3,2,3.0,0.27636363636363637,0.13090909090909092,0.2909090909090909,0.13090909090909092,0.16363636363636364,0.007272727272727273,1,0,0
0,0,1,7,52,1,0,5,0,3,2,2.0,0.27636363636363637,0.13090909090909092,0.2909090909090909,0.13090909090909092,0.16363636363636364,0.007272727272727273,1,0,0
0,2,0,7,51,4,0,5,0,3,2,5.0,0.27636363636363637,0.13090909090909092,0.2909090909090909,0.13090909090909092,0.16363636363636364,0.007272727272727273,0,0,0
0,2,0,7,51,3,0,5,0,3,2,3.0,0.27636363636363637,0.13090909090909092,0.2909090909090909,0.13090909090909092,0.16363636363636364,0.007272727272727273,0,0,0
0,1,0,7,51,2,0,5,0,3,2,3.0,0.27636363636363637,0.13090909090909092,0.2909090909090909,0.13090909090909092,0.16363636363636364,0.007272727272727273,0,0,0
0,0,0,7,51,1,0,5,0,3,2,4.0,0.27636363636363637,0.13090909090909092,0.2909090909090909,0.13090909090909092,0.16363636363636364,0.007272727272727273,0,0,0
3,2,2,6,47,6,0,5,0,3,2,5.0,0.27636363636363637,0.13090909090909092,0.2909090909090909,0.13090909090909092,0.16363636363636364,0.007272727272727273,1,0,0
3,1,2,6,47,5,0,5,0,3,2,3.0,0.27636363636363637,0.13090909090909092,0.2909090909090909,0.13090909090909092,0.16363636363636364,0.007272727272727273,1,0,0
3,0,2,6,47,4,0,5,0,3,2,0.0,0.27636363636363637,0.13090909090909092,0.2909090909090909,0.13090909090909092,0.16363636363636364,0.007272727272727273,1,0,0
2,0,2,6,47,3,0,5,0,3,2,0.0,0.27636363636363637,0.13090909090909092,0.2909090909090909,0.13090909090909092,0.16363636363636364,0.007272727272727273,1,0,0
1,0,2,6,47,2,0,5,0,3,2,5.0,0.27636363636363637,0.13090909090909092,0.2909090909090909,0.13090909090909092,0.16363636363636364,0.007272727272727273,1,0,0
0,0,2,6,47,1,0,5,0,3,2,5.0,0.27636363636363637,0.13090909090909092,0.2909090909090909,0.13090909090909092,0.16363636363636364,0.007272727272727273,1,0,0
1,2,0,6,46,4,0,5,0,2,1,3.0,0.27636363636363637,0.13090909090909092,0.2909090909090909,0.13090909090909092,0.16363636363636364,0.007272727272727273,1,0,0
1,1,0,6,46,3,0,5,0,2,1,3.0,0.27636363636363637,0.13090909090909092,0.2909090909090909,0.13090909090909092,0.16363636363636364,0.007272727272727273,1,0,0
1,0,0,6,46,2,0,5,0,2,1,2.0,0.27636363636363637,0.13090909090909092,0.2909090909090909,0.13090909090909092,0.16363636363636364,0.007272727272727273,1,0,0
0,0,0,6,46,1,0,5,0,2,1,0.0,0.27636363636363637,0.13090909090909092,0.2909090909090909,0.13090909090909092,0.16363636363636364,0.007272727272727273,1,0,0
3,0,0,6,45,4,0,5,0,2,1,0.0,0.27636363636363637,0.13090909090909092,0.2909090909090909,0.13090909090909092,0.16363636363636364,0.007272727272727273,0,0,0
2,0,0,6,45,3,0,5,0,2,1,1.0,0.27636363636363637,0.13090909090909092,0.2909090909090909,0.13090909090909092,0.16363636363636364,0.007272727272727273,0,0,0
1,0,0,6,45,2,0,5,0,2,1,0.0,0.27636363636363637,0.13090909090909092,0.2909090909090909,0.13090909090909092,0.16363636363636364,0.007272727272727273,0,0,0
0,0,0,6,45,1,0,5,0,2,1,0.0,0.27636363636363637,0.13090909090909092,0.2909090909090909,0.13090909090909092,0.16363636363636364,0.007272727272727273,0,0,0
2,1,2,5,40,4,0,5,0,2,1,5.0,0.27636363636363637,0.13090909090909092,0.2909090909090909,0.13090909090909092,0.16363636363636364,0.007272727272727273,1,0,0
2,0,2,5,40,3,0,5,0,2,1,0.0,0.27636363636363637,0.13090909090909092,0.2909090909090909,0.13090909090909092,0.16363636363636364,0.007272727272727273,1,0,0
1,0,2,5,40,2,0,5,0,2,1,0.0,0.27636363636363637,0.13090909090909092,0.2909090909090909,0.13090909090909092,0.16363636363636364,0.007272727272727273,1,0,0
0,0,2,5,40,1,0,5,0,2,1,3.0,0.27636363636363637,0.13090909090909092,0.2909090909090909,0.13090909090909092,0.16363636363636364,0.007272727272727273,1,0,0
1,0,1,5,39,2,0,5,0,2,1,0.0,0.27636363636363637,0.13090909090909092,0.2909090909090909,0.13090909090909092,0.16363636363636364,0.007272727272727273,0,0,0
0,0,1,5,39,1,0,5,0,2,1,0.0,0.27636363636363637,0.13090909090909092,0.2909090909090909,0.13090909090909092,0.16363636363636364,0.007272727272727273,0,0,0
2,2,0,5,38,5,0,5,0,2,1,1.0,0.27636363636363637,0.13090909090909092,0.2909090909090909,0.13090909090909092,0.16363636363636364,0.007272727272727273,1,0,0
2,1,0,5,38,4,0,5,0,2,1,3.0,0.27636363636363637,0.13090909090909092,0.2909090909090909,0.13090909090909092,0.16363636363636364,0.007272727272727273,1,0,0
1,1,0,5,38,3,0,5,0,2,1,3.0,0.27636363636363637,0.13090909090909092,0.2909090909090909,0.13090909090909092,0.16363636363636364,0.007272727272727273,1,0,0
1,0,0,5,38,2,0,5,0,2,1,0.0,0.27636363636363637,0.13090909090909092,0.2909090909090909,0.13090909090909092,0.16363636363636364,0.007272727272727273,1,0,0
0,0,0,5,38,1,0,5,0,2,1,0.0,0.27636363636363637,0.13090909090909092,0.2909090909090909,0.13090909090909092,0.16363636363636364,0.007272727272727273,1,0,0
1,2,2,4,31,5,0,3,0,2,1,3.0,0.27636363636363637,0.13090909090909092,0.2909090909090909,0.13090909090909092,0.16363636363636364,0.007272727272727273,1,0,0
1,2,2,4,31,4,0,3,0,2,1,0.0,0.27636363636363637,0.13090909090909092,0.2909090909090909,0.13090909090909092,0.16363636363636364,0.007272727272727273,1,0,0
1,1,2,4,31,3,0,3,0,2,1,2.0,0.27636363636363637,0.13090909090909092,0.2909090909090909,0.13090909090909092,0.16363636363636364,0.007272727272727273,1,0,0
0,1,2,4,31,2,0,3,0,2,1,0.0,0.27636363636363637,0.13090909090909092,0.2909090909090909,0.13090909090909092,0.16363636363636364,0.007272727272727273,1,0,0
0,0,2,4,31,1,0,3,0,2,1,5.0,0.27636363636363637,0.13090909090909092,0.2909090909090909,0.13090909090909092,0.16363636363636364,0.007272727272727273,1,0,0
3,2,0,4,30,6,0,3,0,2,1,0.0,0.27636363636363637,0.13090909090909092,0.2909090909090909,0.13090909090909092,0.16363636363636364,0.007272727272727273,1,0,0
2,2,0,4,30,5,0,3,0,2,1,3.0,0.27636363636363637,0.13090909090909092,0.2909090909090909,0.13090909090909092,0.16363636363636364,0.007272727272727273,1,0,0
2,1,0,4,30,4,0,3,0,2,1,3.0,0.27636363636363637,0.13090909090909092,0.2909090909090909,0.13090909090909092,0.16363636363636364,0.007272727272727273,1,0,0
1,1,0,4,30,3,0,3,0,2,1,0.0,0.27636363636363637,0.13090909090909092,0.2909090909090909,0.13090909090909092,0.16363636363636364,0.007272727272727273,1,0,0
1,0,0,4,30,2,0,3,0,2,1,0.0,0.27636363636363637,0.13090909090909092,0.2909090909090909,0.13090909090909092,0.16363636363636364,0.007272727272727273,1,0,0
0,0,0,4,30,1,0,3,0,2,1,0.0,0.27636363636363637,0.13090909090909092,0.2909090909090909,0.13090909090909092,0.16363636363636364,0.007272727272727273,1,0,0
0,1,0,4,29,2,0,3,0,2,1,0.0,0.27636363636363637,0.13090909090909092,0.2909090909090909,0.13090909090909092,0.16363636363636364,0.007272727272727273,0,0,0
0,0,0,4,29,1,0,3,0,2,1,0.0,0.27636363636363637,0.13090909090909092,0.2909090909090909,0.13090909090909092,0.16363636363636364,0.007272727272727273,0,0,0
0,0,2,3,23,1,0,2,0,2,1,1.0,0.27636363636363637,0.13090909090909092,0.2909090909090909,0.13090909090909092,0.16363636363636364,0.007272727272727273,1,0,0
2,0,2,3,22,3,0,2,0,1,0,0.0,0.27636363636363637,0.13090909090909092,0.2909090909090909,0.13090909090909092,0.16363636363636364,0.007272727272727273,1,0,0
1,0,2,3,22,2,0,2,0,1,0,1.0,0.27636363636363637,0.13090909090909092,0.2909090909090909,0.13090909090909092,0.16363636363636364,0.007272727272727273,1,0,0
0,0,2,3,22,1,0,2,0,1,0,0.0,0.27636363636363637,0.13090909090909092,0.2909090909090909,0.13090909090909092,0.16363636363636364,0.007272727272727273,1,0,0
0,2,1,3,21,3,0,2,0,1,0,3.0,0.27636363636363637,0.13090909090909092,0.2909090909090909,0.13090909090909092,0.16363636363636364,0.007272727272727273,0,0,0
0,1,1,3,21,2,0,2,0,1,0,1.0,0.27636363636363637,0.13090909090909092,0.2909090909090909,0.13090909090909092,0.16363636363636364,0.007272727272727273,0,0,0
0,0,1,3,21,1,0,2,0,1,0,2.0,0.27636363636363637,0.13090909090909092,0.2909090909090909,0.13090909090909092,0.16363636363636364,0.007272727272727273,0,0,0
3,2,0,3,20,7,0,2,0,1,0,0.0,0.27636363636363637,0.13090909090909092,0.2909090909090909,0.13090909090909092,0.16363636363636364,0.007272727272727273,1,0,0
2,2,0,3,20,6,0,2,0,1,0,3.0,0.27636363636363637,0.13090909090909092,0.2909090909090909,0.13090909090909092,0.16363636363636364,0.007272727272727273,1,0,0
2,2,0,3,20,5,0,2,0,1,0,0.0,0.27636363636363637,0.13090909090909092,0.2909090909090909,0.13090909090909092,0.16363636363636364,0.007272727272727273,1,0,0
1,2,0,3,20,4,0,2,0,1,0,0.0,0.27636363636363637,0.13090909090909092,0.2909090909090909,0.13090909090909092,0.16363636363636364,0.007272727272727273,1,0,0
1,1,0,3,20,3,0,2,0,1,0,5.0,0.27636363636363637,0.13090909090909092,0.2909090909090909,0.13090909090909092,0.16363636363636364,0.007272727272727273,1,0,0
1,0,0,3,20,2,0,2,0,1,0,3.0,0.27636363636363637,0.13090909090909092,0.2909090909090909,0.13090909090909092,0.16363636363636364,0.007272727272727273,1,0,0
0,0,0,3,20,1,0,2,0,1,0,3.0,0.27636363636363637,0.13090909090909092,0.2909090909090909,0.13090909090909092,0.16363636363636364,0.007272727272727273,1,0,0
2,2,2,2,15,6,0,1,0,1,0,3.0,0.27636363636363637,0.13090909090909092,0.2909090909090909,0.13090909090909092,0.16363636363636364,0.007272727272727273,0,0,0
2,2,2,2,15,5,0,1,0,1,0,0.0,0.27636363636363637,0.13090909090909092,0.2909090909090909,0.13090909090909092,0.16363636363636364,0.007272727272727273,0,0,0
2,1,2,2,15,4,0,1,0,1,0,0.0,0.27636363636363637,0.13090909090909092,0.2909090909090909,0.13090909090909092,0.16363636363636364,0.007272727272727273,0,0,0
1,1,2,2,15,3,0,1,0,1,0,5.0,0.27636363636363637,0.13090909090909092,0.2909090909090909,0.13090909090909092,0.16363636363636364,0.007272727272727273,0,0,0
1,0,2,2,15,2,0,1,0,1,0,0.0,0.27636363636363637,0.13090909090909092,0.2909090909090909,0.13090909090909092,0.16363636363636364,0.007272727272727273,0,0,0
0,0,2,2,15,1,0,1,0,1,0,0.0,0.27636363636363637,0.13090909090909092,0.2909090909090909,0.13090909090909092,0.16363636363636364,0.007272727272727273,0,0,0
2,2,1,2,14,5,0,1,0,1,0,3.0,0.27636363636363637,0.13090909090909092,0.2909090909090909,0.13090909090909092,0.16363636363636364,0.007272727272727273,1,0,0
1,2,1,2,14,4,0,1,0,1,0,0.0,0.27636363636363637,0.13090909090909092,0.2909090909090909,0.13090909090909092,0.16363636363636364,0.007272727272727273,1,0,0
0,2,1,2,14,3,0,1,0,1,0,5.0,0.27636363636363637,0.13090909090909092,0.2909090909090909,0.13090909090909092,0.16363636363636364,0.007272727272727273,1,0,0
0,1,1,2,14,2,0,1,0,1,0,3.0,0.27636363636363637,0.13090909090909092,0.2909090909090909,0.13090909090909092,0.16363636363636364,0.007272727272727273,1,0,0
0,0,1,2,14,1,0,1,0,1,0,2.0,0.27636363636363637,0.13090909090909092,0.2909090909090909,0.13090909090909092,0.16363636363636364,0.007272727272727273,1,0,0
2,2,0,2,13,5,0,1,0,1,0,0.0,0.27636363636363637,0.13090909090909092,0.2909090909090909,0.13090909090909092,0.16363636363636364,0.007272727272727273,1,0,0
2,1,0,2,13,4,0,1,0,1,0,0.0,0.27636363636363637,0.13090909090909092,0.2909090909090909,0.13090909090909092,0.16363636363636364,0.007272727272727273,1,0,0
2,0,0,2,13,3,0,1,0,1,0,0.0,0.27636363636363637,0.13090909090909092,0.2909090909090909,0.13090909090909092,0.16363636363636364,0.007272727272727273,1,0,0
1,0,0,2,13,2,0,1,0,1,0,0.0,0.27636363636363637,0.13090909090909092,0.2909090909090909,0.13090909090909092,0.16363636363636364,0.007272727272727273,1,0,0
0,0,0,2,13,1,0,1,0,1,0,0.0,0.27636363636363637,0.13090909090909092,0.2909090909090909,0.13090909090909092,0.16363636363636364,0.007272727272727273,1,0,0
1,2,2,1,7,4,0,0,0,1,0,5.0,0.27636363636363637,0.13090909090909092,0.2909090909090909,0.13090909090909092,0.16363636363636364,0.007272727272727273,1,0,0
0,2,2,1,7,3,0,0,0,1,0,0.0,0.27636363636363637,0.13090909090909092,0.2909090909090909,0.13090909090909092,0.16363636363636364,0.007272727272727273,1,0,0
0,1,2,1,7,2,0,0,0,1,0,0.0,0.27636363636363637,0.13090909090909092,0.2909090909090909,0.13090909090909092,0.16363636363636364,0.007272727272727273,1,0,0
0,0,2,1,7,1,0,0,0,1,0,3.0,0.27636363636363637,0.13090909090909092,0.2909090909090909,0.13090909090909092,0.16363636363636364,0.007272727272727273,1,0,0
2,2,1,1,6,5,0,0,0,1,0,1.0,0.27636363636363637,0.13090909090909092,0.2909090909090909,0.13090909090909092,0.16363636363636364,0.007272727272727273,0,0,0
1,2,1,1,6,4,0,0,0,1,0,0.0,0.27636363636363637,0.13090909090909092,0.2909090909090909,0.13090909090909092,0.16363636363636364,0.007272727272727273,0,0,0
0,2,1,1,6,3,0,0,0,1,0,5.0,0.27636363636363637,0.13090909090909092,0.2909090909090909,0.13090909090909092,0.16363636363636364,0.007272727272727273,0,0,0
0,1,1,1,6,2,0,0,0,1,0,3.0,0.27636363636363637,0.13090909090909092,0.2909090909090909,0.13090909090909092,0.16363636363636364,0.007272727272727273,0,0,0
0,0,1,1,6,1,0,0,0,1,0,0.0,0.27636363636363637,0.13090909090909092,0.2909090909090909,0.13090909090909092,0.16363636363636364,0.007272727272727273,0,0,0
2,2,0,1,5,5,0,0,0,1,0,0.0,0.27636363636363637,0.13090909090909092,0.2909090909090909,0.13090909090909092,0.16363636363636364,0.007272727272727273,1,0,0
2,1,0,1,5,4,0,0,0,1,0,0.0,0.27636363636363637,0.13090909090909092,0.2909090909090909,0.13090909090909092,0.16363636363636364,0.007272727272727273,1,0,0
1,1,0,1,5,3,0,0,0,1,0,0.0,0.27636363636363637,0.13090909090909092,0.2909090909090909,0.13090909090909092,0.16363636363636364,0.007272727272727273,1,0,0
0,1,0,1,5,2,0,0,0,1,0,5.0,0.27636363636363637,0.13090909090909092,0.2909090909090909,0.13090909090909092,0.16363636363636364,0.007272727272727273,1,0,0
0,0,0,1,5,1,0,0,0,1,0,0.0,0.27636363636363637,0.13090909090909092,0.2909090909090909,0.13090909090909092,0.16363636363636364,0.007272727272727273,1,0,0
0,0,2,6,53,1,2,4,2,3,2,3.0,0.2724867724867725,0.10846560846560846,0.3386243386243386,0.1111111111111111,0.15608465608465608,0.013227513227513227,1,0,0
2,2,1,6,52,5,2,4,2,3,2,3.0,0.2724867724867725,0.10846560846560846,0.3386243386243386,0.1111111111111111,0.15608465608465608,0.013227513227513227,1,0,0
2,1,1,6,52,4,2,4,2,3,2,0.0,0.2724867724867725,0.10846560846560846,0.3386243386243386,0.1111111111111111,0.15608465608465608,0.013227513227513227,1,0,0
2,0,1,6,52,3,2,4,2,3,2,0.0,0.2724867724867725,0.10846560846560846,0.3386243386243386,0.1111111111111111,0.15608465608465608,0.013227513227513227,1,0,0
1,0,1,6,52,2,2,4,2,3,2,5.0,0.2724867724867725,0.10846560846560846,0.3386243386243386,0.1111111111111111,0.15608465608465608,0.013227513227513227,1,0,0
0,0,1,6,52,1,2,4,2,3,2,1.0,0.2724867724867725,0.10846560846560846,0.3386243386243386,0.1111111111111111,0.15608465608465608,0.013227513227513227,1,0,0
3,1,0,6,51,5,2,4,2,3,2,1.0,0.2724867724867725,0.10846560846560846,0.3386243386243386,0.1111111111111111,0.15608465608465608,0.013227513227513227,1,0,0
2,1,0,6,51,4,2,4,2,3,2,0.0,0.2724867724867725,0.10846560846560846,0.3386243386243386,0.1111111111111111,0.15608465608465608,0.013227513227513227,1,0,0
1,1,0,6,51,3,2,4,2,3,2,3.0,0.2724867724867725,0.10846560846560846,0.3386243386243386,0.1111111111111111,0.15608465608465608,0.013227513227513227,1,0,0
0,1,0,6,51,2,2,4,2,3,2,5.0,0.2724867724867725,0.10846560846560846,0.3386243386243386,0.1111111111111111,0.15608465608465608,0.013227513227513227,1,0,0
0,0,0,6,51,1,2,4,2,3,2,5.0,0.2724867724867725,0.10846560846560846,0.3386243386243386,0.1111111111111111,0.15608465608465608,0.013227513227513227,1,0,0
1,0,0,6,50,2,2,4,2,3,2,1.0,0.2724867724867725,0.10846560846560846,0.3386243386243386,0.1111111111111111,0.15608465608465608,0.013227513227513227,1,0,0
0,0,0,6,50,1,2,4,2,3,2,1.0,0.2724867724867725,0.10846560846560846,0.3386243386243386,0.1111111111111111,0.15608465608465608,0.013227513227513227,1,0,0
1,2,2,5,45,5,2,3,2,3,2,0.0,0.2724867724867725,0.10846560846560846,0.3386243386243386,0.1111111111111111,0.15608465608465608,0.013227513227513227,1,0,0
1,2,2,5,45,4,2,3,2,3,2,0.0,0.2724867724867725,0.10846560846560846,0.3386243386243386,0.1111111111111111,0.15608465608465608,0.013227513227513227,1,0,0
1,1,2,5,45,3,2,3,2,3,2,3.0,0.2724867724867725,0.10846560846560846,0.3386243386243386,0.1111111111111111,0.15608465608465608,0.013227513227513227,1,0,0
0,1,2,5,45,2,2,3,2,3,2,5.0,0.2724867724867725,0.10846560846560846,0.3386243386243386,0.1111111111111111,0.15608465608465608,0.013227513227513227,1,0,0
0,0,2,5,45,1,2,3,2,3,2,3.0,0.2724867724867725,0.10846560846560846,0.3386243386243386,0.1111111111111111,0.15608465608465608,0.013227513227513227,1,0,0
2,2,1,5,44,8,2,3,2,3,2,3.0,0.2724867724867725,0.10846560846560846,0.3386243386243386,0.1111111111111111,0.15608465608465608,0.013227513227513227,1,0,0
1,2,1,5,44,7,2,3,2,3,2,5.0,0.2724867724867725,0.10846560846560846,0.3386243386243386,0.1111111111111111,0.15608465608465608,0.013227513227513227,1,0,0
1,2,1,5,44,6,2,3,2,3,2,5.0,0.2724867724867725,0.10846560846560846,0.3386243386243386,0.1111111111111111,0.15608465608465608,0.013227513227513227,1,0,0
1,2,1,5,44,5,2,3,2,3,2,3.0,0.2724867724867725,0.10846560846560846,0.3386243386243386,0.1111111111111111,0.15608465608465608,0.013227513227513227,1,0,0
1,2,1,5,44,4,2,3,2,3,2,0.0,0.2724867724867725,0.10846560846560846,0.3386243386243386,0.1111111111111111,0.15608465608465608,0.013227513227513227,1,0,0
1,1,1,5,44,3,2,3,2,3,2,1.0,0.2724867724867725,0.10846560846560846,0.3386243386243386,0.1111111111111111,0.15608465608465608,0.013227513227513227,1,0,0
1,0,1,5,44,2,2,3,2,3,2,0.0,0.2724867724867725,0.10846560846560846,0.3386243386243386,0.1111111111111111,0.15608465608465608,0.013227513227513227,1,0,0
0,0,1,5,44,1,2,3,2,3,2,1.0,0.2724867724867725,0.10846560846560846,0.3386243386243386,0.1111111111111111,0.15608465608465608,0.013227513227513227,1,0,0
1,0,0,5,43,2,2,3,2,3,2,0.0,0.2724867724867725,0.10846560846560846,0.3386243386243386,0.1111111111111111,0.15608465608465608,0.013227513227513227,1,0,0
0,0,0,5,43,1,2,3,2,3,2,0.0,0.2724867724867725,0.10846560846560846,0.3386243386243386,0.1111111111111111,0.15608465608465608,0.013227513227513227,1,0,0
3,2,2,4,38,6,2,2,2,3,2,3.0,0.2724867724867725,0.10846560846560846,0.3386243386243386,0.1111111111111111,0.15608465608465608,0.013227513227513227,1,0,0
3,1,2,4,38,5,2,2,2,3,2,5.0,0.2724867724867725,0.10846560846560846,0.3386243386243386,0.1111111111111111,0.15608465608465608,0.013227513227513227,1,0,0
2,1,2,4,38,4,2,2,2,3,2,0.0,0.2724867724867725,0.10846560846560846,0.3386243386243386,0.1111111111111111,0.15608465608465608,0.013227513227513227,1,0,0
2,0,2,4,38,3,2,2,2,3,2,0.0,0.2724867724867725,0.10846560846560846,0.3386243386243386,0.1111111111111111,0.15608465608465608,0.013227513227513227,1,0,0
1,0,2,4,38,2,2,2,2,3,2,3.0,0.2724867724867725,0.10846560846560846,0.3386243386243386,0.1111111111111111,0.15608465608465608,0.013227513227513227,1,0,0
0,0,2,4,38,1,2,2,2,3,2,3.0,0.2724867724867725,0.10846560846560846,0.3386243386243386,0.1111111111111111,0.15608465608465608,0.013227513227513227,1,0,0
2,0,2,4,37,3,2,2,2,2,1,5.0,0.2724867724867725,0.10846560846560846,0.3386243386243386,0.1111111111111111,0.15608465608465608,0.013227513227513227,1,0,0
1,0,2,4,37,2,2,2,2,2,1,5.0,0.2724867724867725,0.10846560846560846,0.3386243386243386,0.1111111111111111,0.15608465608465608,0.013227513227513227,1,0,0
0,0,2,4,37,1,2,2,2,2,1,5.0,0.2724867724867725,0.10846560846560846,0.3386243386243386,0.1111111111111111,0.15608465608465608,0.013227513227513227,1,0,0
1,0,2,4,36,2,2,2,2,2,1,1.0,0.2724867724867725,0.10846560846560846,0.3386243386243386,0.1111111111111111,0.15608465608465608,0.013227513227513227,1,0,0
0,0,2,4,36,1,2,2,2,2,1,1.0,0.2724867724867725,0.10846560846560846,0.3386243386243386,0.1111111111111111,0.15608465608465608,0.013227513227513227,1,0,0
3,2,1,4,35,6,2,2,2,2,1,0.0,0.2724867724867725,0.10846560846560846,0.3386243386243386,0.1111111111111111,0.15608465608465608,0.013227513227513227,1,0,0
2,2,1,4,35,5,2,2,2,2,1,3.0,0.2724867724867725,0.10846560846560846,0.3386243386243386,0.1111111111111111,0.15608465608465608,0.013227513227513227,1,0,0
2,1,1,4,35,4,2,2,2,2,1,0.0,0.2724867724867725,0.10846560846560846,0.3386243386243386,0.1111111111111111,0.15608465608465608,0.013227513227513227,1,0,0
1,1,1,4,35,3,2,2,2,2,1,3.0,0.2724867724867725,0.10846560846560846,0.3386243386243386,0.1111111111111111,0.15608465608465608,0.013227513227513227,1,0,0
1,0,1,4,35,2,2,2,2,2,1,3.0,0.2724867724867725,0.10846560846560846,0.3386243386243386,0.1111111111111111,0.15608465608465608,0.013227513227513227,1,0,0
0,0,1,4,35,1,2,2,2,2,1,3.0,0.2724867724867725,0.10846560846560846,0.3386243386243386,0.1111111111111111,0.15608465608465608,0.013227513227513227,1,0,0
0,0,0,4,34,1,2,2,2,2,1,0.0,0.2724867724867725,0.10846560846560846,0.3386243386243386,0.1111111111111111,0.15608465608465608,0.013227513227513227,1,0,0
3,2,2,3,30,6,2,2,2,2,1,3.0,0.2724867724867725,0.10846560846560846,0.3386243386243386,0.1111111111111111,0.15608465608465608,0.013227513227513227,1,0,0
3,1,2,3,30,5,2,2,2,2,1,1.0,0.2724867724867725,0.10846560846560846,0.3386243386243386,0.1111111111111111,0.15608465608465608,0.013227513227513227,1,0,0
2,1,2,3,30,4,2,2,2,2,1,0.0,0.2724867724867725,0.10846560846560846,0.3386243386243386,0.1111111111111111,0.15608465608465608,0.013227513227513227,1,0,0
1,1,2,3,30,3,2,2,2,2,1,5.0,0.2724867724867725,0.10846560846560846,0.3386243386243386,0.1111111111111111,0.15608465608465608,0.013227513227513227,1,0,0
1,0,2,3,30,2,2,2,2,2,1,5.0,0.2724867724867725,0.10846560846560846,0.3386243386243386,0.1111111111111111,0.15608465608465608,0.013227513227513227,1,0,0
0,0,2,3,30,1,2,2,2,2,1,3.0,0.2724867724867725,0.10846560846560846,0.3386243386243386,0.1111111111111111,0.15608465608465608,0.013227513227513227,1,0,0
0,0,2,3,29,1,2,2,2,2,1,0.0,0.2724867724867725,0.10846560846560846,0.3386243386243386,0.1111111111111111,0.15608465608465608,0.013227513227513227,1,0,0
0,1,2,3,28,2,0,2,0,2,1,2.0,0.2724867724867725,0.10846560846560846,0.3386243386243386,0.1111111111111111,0.15608465608465608,0.013227513227513227,1,0,0
0,0,2,3,28,1,0,2,0,2,1,1.0,0.2724867724867725,0.10846560846560846,0.3386243386243386,0.1111111111111111,0.15608465608465608,0.013227513227513227,1,0,0
0,2,1,3,27,3,0,2,0,2,1,5.0,0.2724867724867725,0.10846560846560846,0.3386243386243386,0.1111111111111111,0.15608465608465608,0.013227513227513227,1,0,0
0,1,1,3,27,2,0,2,0,2,1,3.0,0.2724867724867725,0.10846560846560846,0.3386243386243386,0.1111111111111111,0.15608465608465608,0.013227513227513227,1,0,0
0,0,1,3,27,1,0,2,0,2,1,3.0,0.2724867724867725,0.10846560846560846,0.3386243386243386,0.1111111111111111,0.15608465608465608,0.013227513227513227,1,0,0
3,1,1,3,26,5,0,2,0,2,1,0.0,0.2724867724867725,0.10846560846560846,0.3386243386243386,0.1111111111111111,0.15608465608465608,0.013227513227513227,1,0,0
3,0,1,3,26,4,0,2,0,2,1,0.0,0.2724867724867725,0.10846560846560846,0.3386243386243386,0.1111111111111111,0.15608465608465608,0.013227513227513227,1,0,0
2,0,1,3,26,3,0,2,0,2,1,2.0,0.2724867724867725,0.10846560846560846,0.3386243386243386,0.1111111111111111,0.15608465608465608,0.013227513227513227,1,0,0
1,0,1,3,26,2,0,2,0,2,1,1.0,0.2724867724867725,0.10846560846560846,0.3386243386243386,0.1111111111111111,0.15608465608465608,0.013227513227513227,1,0,0
0,0,1,3,26,1,0,2,0,2,1,0.0,0.2724867724867725,0.10846560846560846,0.3386243386243386,0.1111111111111111,0.15608465608465608,0.013227513227513227,1,0,0
0,0,0,3,25,1,0,2,0,1,0,0.0,0.2724867724867725,0.10846560846560846,0.3386243386243386,0.1111111111111111,0.15608465608465608,0.013227513227513227,1,0,0
3,2,2,2,17,7,0,1,0,1,0,2.0,0.2724867724867725,0.10846560846560846,0.3386243386243386,0.1111111111111111,0.15608465608465608,0.013227513227513227,1,0,0
2,2,2,2,17,6,0,1,0,1,0,5.0,0.2724867724867725,0.10846560846560846,0.3386243386243386,0.1111111111111111,0.15608465608465608,0.013227513227513227,1,0,0
1,2,2,2,17,5,0,1,0,1,0,3.0,0.2724867724867725,0.10846560846560846,0.3386243386243386,0.1111111111111111,0.15608465608465608,0.013227513227513227,1,0,0
1,2,2,2,17,4,0,1,0,1,0,0.0,0.2724867724867725,0.10846560846560846,0.3386243386243386,0.1111111111111111,0.15608465608465608,0.013227513227513227,1,0,0
1,1,2,2,17,3,0,1,0,1,0,2.0,0.2724867724867725,0.10846560846560846,0.3386243386243386,0.1111111111111111,0.15608465608465608,0.013227513227513227,1,0,0
1,0,2,2,17,2,0,1,0,1,0,5.0,0.2724867724867725,0.10846560846560846,0.3386243386243386,0.1111111111111111,0.15608465608465608,0.013227513227513227,1,0,0
0,0,2,2,17,1,0,1,0,1,0,2.0,0.2724867724867725,0.10846560846560846,0.3386243386243386,0.1111111111111111,0.15608465608465608,0.013227513227513227,1,0,0
3,1,2,2,16,5,0,1,0,1,0,3.0,0.2724867724867725,0.10846560846560846,0.3386243386243386,0.1111111111111111,0.15608465608465608,0.013227513227513227,1,0,0
2,1,2,2,16,4,0,1,0,1,0,5.0,0.2724867724867725,0.10846560846560846,0.3386243386243386,0.1111111111111111,0.15608465608465608,0.013227513227513227,1,0,0
1,1,2,2,16,3,0,1,0,1,0,3.0,0.2724867724867725,0.10846560846560846,0.3386243386243386,0.1111111111111111,0.15608465608465608,0.013227513227513227,1,0,0
0,1,2,2,16,2,0,1,0,1,0,2.0,0.2724867724867725,0.10846560846560846,0.3386243386243386,0.1111111111111111,0.15608465608465608,0.013227513227513227,1,0,0
0,0,2,2,16,1,0,1,0,1,0,0.0,0.2724867724867725,0.10846560846560846,0.3386243386243386,0.1111111111111111,0.15608465608465608,0.013227513227513227,1,0,0
2,1,1,2,15,4,0,1,0,1,0,2.0,0.2724867724867725,0.10846560846560846,0.3386243386243386,0.1111111111111111,0.15608465608465608,0.013227513227513227,1,0,0
1,1,1,2,15,3,0,1,0,1,0,0.0,0.2724867724867725,0.10846560846560846,0.3386243386243386,0.1111111111111111,0.15608465608465608,0.013227513227513227,1,0,0
0,1,1,2,15,2,0,1,0,1,0,3.0,0.2724867724867725,0.10846560846560846,0.3386243386243386,0.1111111111111111,0.15608465608465608,0.013227513227513227,1,0,0
0,0,1,2,15,1,0,1,0,1,0,3.0,0.2724867724867725,0.10846560846560846,0.3386243386243386,0.1111111111111111,0.15608465608465608,0.013227513227513227,1,0,0
1,2,0,2,14,5,0,1,0,1,0,1.0,0.2724867724867725,0.10846560846560846,0.3386243386243386,0.1111111111111111,0.15608465608465608,0.013227513227513227,1,0,0
0,2,0,2,14,4,0,1,0,1,0,3.0,0.2724867724867725,0.10846560846560846,0.3386243386243386,0.1111111111111111,0.15608465608465608,0.013227513227513227,1,0,0
0,2,0,2,14,3,0,1,0,1,0,5.0,0.2724867724867725,0.10846560846560846,0.3386243386243386,0.1111111111111111,0.15608465608465608,0.013227513227513227,1,0,0
0,1,0,2,14,2,0,1,0,1,0,2.0,0.2724867724867725,0.10846560846560846,0.3386243386243386,0.1111111111111111,0.15608465608465608,0.013227513227513227,1,0,0
0,0,0,2,14,1,0,1,0,1,0,0.0,0.2724867724867725,0.10846560846560846,0.3386243386243386,0.1111111111111111,0.15608465608465608,0.013227513227513227,1,0,0
2,0,0,2,13,3,0,1,0,1,0,0.0,0.2724867724867725,0.10846560846560846,0.3386243386243386,0.1111111111111111,0.15608465608465608,0.013227513227513227,1,0,0
1,0,0,2,13,2,0,1,0,1,0,0.0,0.2724867724867725,0.10846560846560846,0.3386243386243386,0.1111111111111111,0.15608465608465608,0.013227513227513227,1,0,0
0,0,0,2,13,1,0,1,0,1,0,3.0,0.2724867724867725,0.10846560846560846,0.3386243386243386,0.1111111111111111,0.15608465608465608,0.013227513227513227,1,0,0
2,1,2,1,8,4,0,1,0,1,0,2.0,0.2724867724867725,0.10846560846560846,0.3386243386243386,0.1111111111111111,0.15608465608465608,0.013227513227513227,1,0,0
1,1,2,1,8,3,0,1,0,1,0,5.0,0.2724867724867725,0.10846560846560846,0.3386243386243386,0.1111111111111111,0.15608465608465608,0.013227513227513227,1,0,0
1,0,2,1,8,2,0,1,0,1,0,1.0,0.2724867724867725,0.10846560846560846,0.3386243386243386,0.1111111111111111,0.15608465608465608,0.013227513227513227,1,0,0
0,0,2,1,8,1,0,1,0,1,0,0.0,0.2724867724867725,0.10846560846560846,0.3386243386243386,0.1111111111111111,0.15608465608465608,0.013227513227513227,1,0,0
0,2,1,1,7,5,0,1,0,1,0,3.0,0.2724867724867725,0.10846560846560846,0.3386243386243386,0.1111111111111111,0.15608465608465608,0.013227513227513227,1,0,0
0,2,1,1,7,4,0,1,0,1,0,5.0,0.2724867724867725,0.10846560846560846,0.3386243386243386,0.1111111111111111,0.15608465608465608,0.013227513227513227,1,0,0
0,2,1,1,7,3,0,1,0,1,0,5.0,0.2724867724867725,0.10846560846560846,0.3386243386243386,0.1111111111111111,0.15608465608465608,0.013227513227513227,1,0,0
0,1,1,1,7,2,0,1,0,1,0,0.0,0.2724867724867725,0.10846560846560846,0.3386243386243386,0.1111111111111111,0.15608465608465608,0.013227513227513227,1,0,0
0,0,1,1,7,1,0,1,0,1,0,0.0,0.2724867724867725,0.10846560846560846,0.3386243386243386,0.1111111111111111,0.15608465608465608,0.013227513227513227,1,0,0
0,0,0,1,6,1,0,1,0,1,0,0.0,0.2724867724867725,0.10846560846560846,0.3386243386243386,0.1111111111111111,0.15608465608465608,0.013227513227513227,1,0,0
0,2,1,6,47,4,2,3,3,3,2,1.0,0.2710084033613445,0.10504201680672269,0.3319327731092437,0.11554621848739496,0.16596638655462184,0.01050420168067227,1,0,1
0,2,1,6,47,3,2,3,3,3,2,5.0,0.2710084033613445,0.10504201680672269,0.3319327731092437,0.11554621848739496,0.16596638655462184,0.01050420168067227,1,0,1
0,1,1,6,47,2,2,3,3,3,2,0.0,0.2710084033613445,0.10504201680672269,0.3319327731092437,0.11554621848739496,0.16596638655462184,0.01050420168067227,1,0,1
0,0,1,6,47,1,2,3,3,3,2,3.0,0.2710084033613445,0.10504201680672269,0.3319327731092437,0.11554621848739496,0.16596638655462184,0.01050420168067227,1,0,1
3,2,1,6,46,6,2,3,3,3,2,5.0,0.2710084033613445,0.10504201680672269,0.3319327731092437,0.11554621848739496,0.16596638655462184,0.01050420168067227,1,0,1
3,1,1,6,46,5,2,3,3,3,2,5.0,0.2710084033613445,0.10504201680672269,0.3319327731092437,0.11554621848739496,0.16596638655462184,0.01050420168067227,1,0,1
2,1,1,6,46,4,2,3,3,3,2,3.0,0.2710084033613445,0.10504201680672269,0.3319327731092437,0.11554621848739496,0.16596638655462184,0.01050420168067227,1,0,1
1,0,1,6,46,2,2,3,3,3,2,0.0,0.2710084033613445,0.10504201680672269,0.3319327731092437,0.11554621848739496,0.16596638655462184,0.01050420168067227,1,0,1
0,0,1,6,46,1,2,3,3,3,2,5.0,0.2710084033613445,0.10504201680672269,0.3319327731092437,0.11554621848739496,0.16596638655462184,0.01050420168067227,1,0,1
1,1,0,6,45,3,2,3,3,3,2,5.0,0.2710084033613445,0.10504201680672269,0.3319327731092437,0.11554621848739496,0.16596638655462184,0.01050420168067227,1,0,1
1,0,0,6,45,2,2,3,3,3,2,3.0,0.2710084033613445,0.10504201680672269,0.3319327731092437,0.11554621848739496,0.16596638655462184,0.01050420168067227,1,0,1
0,0,0,6,45,1,2,3,3,3,2,3.0,0.2710084033613445,0.10504201680672269,0.3319327731092437,0.11554621848739496,0.16596638655462184,0.01050420168067227,1,0,1
0,2,2,5,41,3,2,3,3,3,2,0.0,0.2710084033613445,0.10504201680672269,0.3319327731092437,0.11554621848739496,0.16596638655462184,0.01050420168067227,1,0,1
0,1,2,5,41,2,2,3,3,3,2,5.0,0.2710084033613445,0.10504201680672269,0.3319327731092437,0.11554621848739496,0.16596638655462184,0.01050420168067227,1,0,1
0,0,2,5,41,1,2,3,3,3,2,5.0,0.2710084033613445,0.10504201680672269,0.3319327731092437,0.11554621848739496,0.16596638655462184,0.01050420168067227,1,0,1
2,2,2,5,40,5,2,3,3,3,2,0.0,0.2710084033613445,0.10504201680672269,0.3319327731092437,0.11554621848739496,0.16596638655462184,0.01050420168067227,1,0,1
1,1,2,5,40,3,2,3,3,3,2,1.0,0.2710084033613445,0.10504201680672269,0.3319327731092437,0.11554621848739496,0.16596638655462184,0.01050420168067227,1,0,1
1,0,2,5,40,2,2,3,3,3,2,0.0,0.2710084033613445,0.10504201680672269,0.3319327731092437,0.11554621848739496,0.16596638655462184,0.01050420168067227,1,0,1
0,0,2,5,40,1,2,3,3,3,2,1.0,0.2710084033613445,0.10504201680672269,0.3319327731092437,0.11554621848739496,0.16596638655462184,0.01050420168067227,1,0,1
0,0,1,5,39,1,2,3,3,3,2,3.0,0.2710084033613445,0.10504201680672269,0.3319327731092437,0.11554621848739496,0.16596638655462184,0.01050420168067227,1,0,1
0,2,0,5,38,3,2,3,3,3,2,3.0,0.2710084033613445,0.10504201680672269,0.3319327731092437,0.11554621848739496,0.16596638655462184,0.01050420168067227,1,0,1
0,1,0,5,38,2,2,3,3,3,2,3.0,0.2710084033613445,0.10504201680672269,0.3319327731092437,0.11554621848739496,0.16596638655462184,0.01050420168067227,1,0,1
0,0,0,5,38,1,2,3,3,3,2,5.0,0.2710084033613445,0.10504201680672269,0.3319327731092437,0.11554621848739496,0.16596638655462184,0.01050420168067227,1,0,1
2,1,2,4,33,4,2,3,3,3,2,0.0,0.2710084033613445,0.10504201680672269,0.3319327731092437,0.11554621848739496,0.16596638655462184,0.01050420168067227,1,0,1
1,1,2,4,33,3,2,3,3,3,2,5.0,0.2710084033613445,0.10504201680672269,0.3319327731092437,0.11554621848739496,0.16596638655462184,0.01050420168067227,1,0,1
1,0,2,4,33,2,2,3,3,3,2,3.0,0.2710084033613445,0.10504201680672269,0.3319327731092437,0.11554621848739496,0.16596638655462184,0.01050420168067227,1,0,1
0,0,2,4,33,1,2,3,3,3,2,0.0,0.2710084033613445,0.10504201680672269,0.3319327731092437,0.11554621848739496,0.16596638655462184,0.01050420168067227,1,0,1
1,2,1,4,32,4,2,3,3,3,2,5.0,0.2710084033613445,0.10504201680672269,0.3319327731092437,0.11554621848739496,0.16596638655462184,0.01050420168067227,1,0,1
0,2,1,4,32,3,2,3,3,3,2,0.0,0.2710084033613445,0.10504201680672269,0.3319327731092437,0.11554621848739496,0.16596638655462184,0.01050420168067227,1,0,1
0,1,1,4,32,2,2,3,3,3,2,3.0,0.2710084033613445,0.10504201680672269,0.3319327731092437,0.11554621848739496,0.16596638655462184,0.01050420168067227,1,0,1
0,0,1,4,32,1,2,3,3,3,2,3.0,0.2710084033613445,0.10504201680672269,0.3319327731092437,0.11554621848739496,0.16596638655462184,0.01050420168067227,1,0,1
1,0,0,4,31,2,2,3,3,2,1,0.0,0.2710084033613445,0.10504201680672269,0.3319327731092437,0.11554621848739496,0.16596638655462184,0.01050420168067227,1,0,1
0,0,0,4,31,1,2,3,3,2,1,0.0,0.2710084033613445,0.10504201680672269,0.3319327731092437,0.11554621848739496,0.16596638655462184,0.01050420168067227,1,0,1
0,2,2,3,27,3,2,3,3,2,1,3.0,0.2710084033613445,0.10504201680672269,0.3319327731092437,0.11554621848739496,0.16596638655462184,0.01050420168067227,1,0,1
0,1,2,3,27,2,2,3,3,2,1,4.0,0.2710084033613445,0.10504201680672269,0.3319327731092437,0.11554621848739496,0.16596638655462184,0.01050420168067227,1,0,1
0,0,2,3,27,1,2,3,3,2,1,0.0,0.2710084033613445,0.10504201680672269,0.3319327731092437,0.11554621848739496,0.16596638655462184,0.01050420168067227,1,0,1
3,1,2,3,26,5,2,3,3,2,1,1.0,0.2710084033613445,0.10504201680672269,0.3319327731092437,0.11554621848739496,0.16596638655462184,0.01050420168067227,1,0,1
3,0,2,3,26,4,2,3,3,2,1,0.0,0.2710084033613445,0.10504201680672269,0.3319327731092437,0.11554621848739496,0.16596638655462184,0.01050420168067227,1,0,1
2,0,2,3,26,3,2,3,3,2,1,1.0,0.2710084033613445,0.10504201680672269,0.3319327731092437,0.11554621848739496,0.16596638655462184,0.01050420168067227,1,0,1
1,0,2,3,26,2,2,3,3,2,1,5.0,0.2710084033613445,0.10504201680672269,0.3319327731092437,0.11554621848739496,0.16596638655462184,0.01050420168067227,1,0,1
0,0,2,3,26,1,2,3,3,2,1,3.0,0.2710084033613445,0.10504201680672269,0.3319327731092437,0.11554621848739496,0.16596638655462184,0.01050420168067227,1,0,1
0,0,1,3,25,1,2,3,3,2,1,3.0,0.2710084033613445,0.10504201680672269,0.3319327731092437,0.11554621848739496,0.16596638655462184,0.01050420168067227,1,0,1
3,1,1,3,24,5,2,3,3,2,1,1.0,0.2710084033613445,0.10504201680672269,0.3319327731092437,0.11554621848739496,0.16596638655462184,0.01050420168067227,1,0,1
2,1,1,3,24,4,2,3,3,2,1,3.0,0.2710084033613445,0.10504201680672269,0.3319327731092437,0.11554621848739496,0.16596638655462184,0.01050420168067227,1,0,1
2,0,1,3,24,3,2,3,3,2,1,5.0,0.2710084033613445,0.10504201680672269,0.3319327731092437,0.11554621848739496,0.16596638655462184,0.01050420168067227,1,0,1
1,0,1,3,24,2,2,3,3,2,1,5.0,0.2710084033613445,0.10504201680672269,0.3319327731092437,0.11554621848739496,0.16596638655462184,0.01050420168067227,1,0,1
0,0,1,3,24,1,2,3,3,2,1,1.0,0.2710084033613445,0.10504201680672269,0.3319327731092437,0.11554621848739496,0.16596638655462184,0.01050420168067227,1,0,1
3,2,0,3,23,9,2,3,3,2,1,3.0,0.2710084033613445,0.10504201680672269,0.3319327731092437,0.11554621848739496,0.16596638655462184,0.01050420168067227,1,0,1
2,2,0,3,23,8,2,3,3,2,1,0.0,0.2710084033613445,0.10504201680672269,0.3319327731092437,0.11554621848739496,0.16596638655462184,0.01050420168067227,1,0,1
2,2,0,3,23,7,2,3,3,2,1,3.0,0.2710084033613445,0.10504201680672269,0.3319327731092437,0.11554621848739496,0.16596638655462184,0.01050420168067227,1,0,1
2,2,0,3,23,6,2,3,3,2,1,5.0,0.2710084033613445,0.10504201680672269,0.3319327731092437,0.11554621848739496,0.16596638655462184,0.01050420168067227,1,0,1
2,2,0,3,23,5,2,3,3,2,1,3.0,0.2710084033613445,0.10504201680672269,0.3319327731092437,0.11554621848739496,0.16596638655462184,0.01050420168067227,1,0,1
2,1,0,3,23,4,2,3,3,2,1,1.0,0.2710084033613445,0.10504201680672269,0.3319327731092437,0.11554621848739496,0.16596638655462184,0.01050420168067227,1,0,1
1,1,0,3,23,3,2,3,3,2,1,3.0,0.2710084033613445,0.10504201680672269,0.3319327731092437,0.11554621848739496,0.16596638655462184,0.01050420168067227,1,0,1
0,1,0,3,23,2,2,3,3,2,1,5.0,0.2710084033613445,0.10504201680672269,0.3319327731092437,0.11554621848739496,0.16596638655462184,0.01050420168067227,1,0,1
0,0,0,3,23,1,2,3,3,2,1,5.0,0.2710084033613445,0.10504201680672269,0.3319327731092437,0.11554621848739496,0.16596638655462184,0.01050420168067227,1,0,1
0,1,0,3,22,2,2,1,1,2,1,4.0,0.2710084033613445,0.10504201680672269,0.3319327731092437,0.11554621848739496,0.16596638655462184,0.01050420168067227,1,0,1
0,0,0,3,22,1,2,1,1,2,1,0.0,0.2710084033613445,0.10504201680672269,0.3319327731092437,0.11554621848739496,0.16596638655462184,0.01050420168067227,1,0,1
0,1,0,3,21,2,2,1,1,2,1,4.0,0.2710084033613445,0.10504201680672269,0.3319327731092437,0.11554621848739496,0.16596638655462184,0.01050420168067227,1,0,1
0,0,0,3,21,1,2,1,1,2,1,0.0,0.2710084033613445,0.10504201680672269,0.3319327731092437,0.11554621848739496,0.16596638655462184,0.01050420168067227,1,0,1
2,1,2,2,14,4,0,1,1,2,1,1.0,0.2710084033613445,0.10504201680672269,0.3319327731092437,0.11554621848739496,0.16596638655462184,0.01050420168067227,1,0,1
1,1,2,2,14,3,0,1,1,2,1,5.0,0.2710084033613445,0.10504201680672269,0.3319327731092437,0.11554621848739496,0.16596638655462184,0.01050420168067227,1,0,1
0,1,2,2,14,2,0,1,1,2,1,4.0,0.2710084033613445,0.10504201680672269,0.3319327731092437,0.11554621848739496,0.16596638655462184,0.01050420168067227,1,0,1
0,0,2,2,14,1,0,1,1,2,1,3.0,0.2710084033613445,0.10504201680672269,0.3319327731092437,0.11554621848739496,0.16596638655462184,0.01050420168067227,1,0,1
3,2,1,2,13,6,0,1,1,1,0,0.0,0.2710084033613445,0.10504201680672269,0.3319327731092437,0.11554621848739496,0.16596638655462184,0.01050420168067227,1,0,1
2,2,1,2,13,5,0,1,1,1,0,4.0,0.2710084033613445,0.10504201680672269,0.3319327731092437,0.11554621848739496,0.16596638655462184,0.01050420168067227,1,0,1
2,1,1,2,13,4,0,1,1,1,0,5.0,0.2710084033613445,0.10504201680672269,0.3319327731092437,0.11554621848739496,0.16596638655462184,0.01050420168067227,1,0,1
2,0,1,2,13,3,0,1,1,1,0,1.0,0.2710084033613445,0.10504201680672269,0.3319327731092437,0.11554621848739496,0.16596638655462184,0.01050420168067227,1,0,1
1,0,1,2,13,2,0,1,1,1,0,3.0,0.2710084033613445,0.10504201680672269,0.3319327731092437,0.11554621848739496,0.16596638655462184,0.01050420168067227,1,0,1
0,0,1,2,13,1,0,1,1,1,0,3.0,0.2710084033613445,0.10504201680672269,0.3319327731092437,0.11554621848739496,0.16596638655462184,0.01050420168067227,1,0,1
2,2,0,2,12,6,0,1,1,1,0,0.0,0.2710084033613445,0.10504201680672269,0.3319327731092437,0.11554621848739496,0.16596638655462184,0.01050420168067227,1,0,1
2,2,0,2,12,5,0,1,1,1,0,5.0,0.2710084033613445,0.10504201680672269,0.3319327731092437,0.11554621848739496,0.16596638655462184,0.01050420168067227,1,0,1
2,1,0,2,12,4,0,1,1,1,0,1.0,0.2710084033613445,0.10504201680672269,0.3319327731092437,0.11554621848739496,0.16596638655462184,0.01050420168067227,1,0,1
1,1,0,2,12,3,0,1,1,1,0,5.0,0.2710084033613445,0.10504201680672269,0.3319327731092437,0.11554621848739496,0.16596638655462184,0.01050420168067227,1,0,1
1,0,0,2,12,2,0,1,1,1,0,4.0,0.2710084033613445,0.10504201680672269,0.3319327731092437,0.11554621848739496,0.16596638655462184,0.01050420168067227,1,0,1
0,0,0,2,12,1,0,1,1,1,0,0.0,0.2710084033613445,0.10504201680672269,0.3319327731092437,0.11554621848739496,0.16596638655462184,0.01050420168067227,1,0,1
2,2,0,2,11,5,0,0,0,1,0,0.0,0.2710084033613445,0.10504201680672269,0.3319327731092437,0.11554621848739496,0.16596638655462184,0.01050420168067227,1,0,1
2,1,0,2,11,4,0,0,0,1,0,0.0,0.2710084033613445,0.10504201680672269,0.3319327731092437,0.11554621848739496,0.16596638655462184,0.01050420168067227,1,0,1
2,0,0,2,11,3,0,0,0,1,0,5.0,0.2710084033613445,0.10504201680672269,0.3319327731092437,0.11554621848739496,0.16596638655462184,0.01050420168067227,1,0,1
1,0,0,2,11,2,0,0,0,1,0,5.0,0.2710084033613445,0.10504201680672269,0.3319327731092437,0.11554621848739496,0.16596638655462184,0.01050420168067227,1,0,1
0,0,0,2,11,1,0,0,0,1,0,0.0,0.2710084033613445,0.10504201680672269,0.3319327731092437,0.11554621848739496,0.16596638655462184,0.01050420168067227,1,0,1
0,2,2,1,6,3,0,0,0,1,0,3.0,0.2710084033613445,0.10504201680672269,0.3319327731092437,0.11554621848739496,0.16596638655462184,0.01050420168067227,1,0,1
0,1,2,1,6,2,0,0,0,1,0,0.0,0.2710084033613445,0.10504201680672269,0.3319327731092437,0.11554621848739496,0.16596638655462184,0.01050420168067227,1,0,1
0,0,2,1,6,1,0,0,0,1,0,0.0,0.2710084033613445,0.10504201680672269,0.3319327731092437,0.11554621848739496,0.16596638655462184,0.01050420168067227,1,0,1
1,2,1,1,5,5,0,0,0,1,0,0.0,0.2710084033613445,0.10504201680672269,0.3319327731092437,0.11554621848739496,0.16596638655462184,0.01050420168067227,1,0,1
1,2,1,1,5,4,0,0,0,1,0,0.0,0.2710084033613445,0.10504201680672269,0.3319327731092437,0.11554621848739496,0.16596638655462184,0.01050420168067227,1,0,1
0,2,1,1,5,3,0,0,0,1,0,5.0,0.2710084033613445,0.10504201680672269,0.3319327731092437,0.11554621848739496,0.16596638655462184,0.01050420168067227,1,0,1
0,1,1,1,5,2,0,0,0,1,0,0.0,0.2710084033613445,0.10504201680672269,0.3319327731092437,0.11554621848739496,0.16596638655462184,0.01050420168067227,1,0,1
3,1,1,1,4,5,0,0,0,1,0,0.0,0.2710084033613445,0.10504201680672269,0.3319327731092437,0.11554621848739496,0.16596638655462184,0.01050420168067227,1,0,1
2,1,1,1,4,4,0,0,0,1,0,0.0,0.2710084033613445,0.10504201680672269,0.3319327731092437,0.11554621848739496,0.16596638655462184,0.01050420168067227,1,0,1
1,1,1,1,4,3,0,0,0,1,0,5.0,0.2710084033613445,0.10504201680672269,0.3319327731092437,0.11554621848739496,0.16596638655462184,0.01050420168067227,1,0,1
0,1,1,1,4,2,0,0,0,1,0,3.0,0.2710084033613445,0.10504201680672269,0.3319327731092437,0.11554621848739496,0.16596638655462184,0.01050420168067227,1,0,1
0,0,1,1,4,1,0,0,0,1,0,3.0,0.2710084033613445,0.10504201680672269,0.3319327731092437,0.11554621848739496,0.16596638655462184,0.01050420168067227,1,0,1
1,1,1,1,3,3,0,0,0,1,0,0.0,0.2710084033613445,0.10504201680672269,0.3319327731092437,0.11554621848739496,0.16596638655462184,0.01050420168067227,1,0,1
0,1,1,1,3,2,0,0,0,1,0,3.0,0.2710084033613445,0.10504201680672269,0.3319327731092437,0.11554621848739496,0.16596638655462184,0.01050420168067227,1,0,1
0,0,1,1,3,1,0,0,0,1,0,3.0,0.2710084033613445,0.10504201680672269,0.3319327731092437,0.11554621848739496,0.16596638655462184,0.01050420168067227,1,0,1
0,1,1,1,2,2,0,0,0,1,0,0.0,0.2710084033613445,0.10504201680672269,0.3319327731092437,0.11554621848739496,0.16596638655462184,0.01050420168067227,1,0,1
0,0,1,1,2,1,0,0,0,1,0,0.0,0.2710084033613445,0.10504201680672269,0.3319327731092437,0.11554621848739496,0.16596638655462184,0.01050420168067227,1,0,1
1,0,0,1,1,2,0,0,0,1,0,0.0,0.2710084033613445,0.10504201680672269,0.3319327731092437,0.11554621848739496,0.16596638655462184,0.01050420168067227,1,0,1
0,0,0,1,1,1,0,0,0,1,0,0.0,0.2710084033613445,0.10504201680672269,0.3319327731092437,0.11554621848739496,0.16596638655462184,0.01050420168067227,1,0,1
1,1,0,7,60,3,9,2,2,3,2,1.0,0.2639175257731959,0.08247422680412371,0.34845360824742266,0.10103092783505155,0.18144329896907216,0.02268041237113402,1,0,1
1,0,0,7,60,2,9,2,2,3,2,5.0,0.2639175257731959,0.08247422680412371,0.34845360824742266,0.10103092783505155,0.18144329896907216,0.02268041237113402,1,0,1
0,0,2,6,53,1,8,2,2,3,2,3.0,0.2639175257731959,0.08247422680412371,0.34845360824742266,0.10103092783505155,0.18144329896907216,0.02268041237113402,1,0,1
3,2,2,6,52,6,8,2,2,3,2,5.0,0.2639175257731959,0.08247422680412371,0.34845360824742266,0.10103092783505155,0.18144329896907216,0.02268041237113402,1,0,1
3,1,2,6,52,5,8,2,2,3,2,5.0,0.2639175257731959,0.08247422680412371,0.34845360824742266,0.10103092783505155,0.18144329896907216,0.02268041237113402,1,0,1
1,1,2,6,52,3,8,2,2,3,2,3.0,0.2639175257731959,0.08247422680412371,0.34845360824742266,0.10103092783505155,0.18144329896907216,0.02268041237113402,1,0,1
1,0,2,6,52,2,8,2,2,3,2,3.0,0.2639175257731959,0.08247422680412371,0.34845360824742266,0.10103092783505155,0.18144329896907216,0.02268041237113402,1,0,1
0,0,2,6,52,1,8,2,2,3,2,0.0,0.2639175257731959,0.08247422680412371,0.34845360824742266,0.10103092783505155,0.18144329896907216,0.02268041237113402,1,0,1
1,2,1,6,51,5,8,2,2,3,2,1.0,0.2639175257731959,0.08247422680412371,0.34845360824742266,0.10103092783505155,0.18144329896907216,0.02268041237113402,1,0,1
1,2,1,6,51,4,8,2,2,3,2,1.0,0.2639175257731959,0.08247422680412371,0.34845360824742266,0.10103092783505155,0.18144329896907216,0.02268041237113402,1,0,1
1,1,1,6,51,3,8,2,2,3,2,5.0,0.2639175257731959,0.08247422680412371,0.34845360824742266,0.10103092783505155,0.18144329896907216,0.02268041237113402,1,0,1
0,1,1,6,51,2,8,2,2,3,2,5.0,0.2639175257731959,0.08247422680412371,0.34845360824742266,0.10103092783505155,0.18144329896907216,0.02268041237113402,1,0,1
0,0,1,6,51,1,8,2,2,3,2,0.0,0.2639175257731959,0.08247422680412371,0.34845360824742266,0.10103092783505155,0.18144329896907216,0.02268041237113402,1,0,1
1,2,0,6,50,4,8,2,2,3,2,5.0,0.2639175257731959,0.08247422680412371,0.34845360824742266,0.10103092783505155,0.18144329896907216,0.02268041237113402,1,0,1
1,1,0,6,50,3,8,2,2,3,2,3.0,0.2639175257731959,0.08247422680412371,0.34845360824742266,0.10103092783505155,0.18144329896907216,0.02268041237113402,1,0,1
0,0,0,6,50,1,8,2,2,3,2,0.0,0.2639175257731959,0.08247422680412371,0.34845360824742266,0.10103092783505155,0.18144329896907216,0.02268041237113402,1,0,1
1,1,2,5,44,3,8,2,2,3,2,5.0,0.2639175257731959,0.08247422680412371,0.34845360824742266,0.10103092783505155,0.18144329896907216,0.02268041237113402,1,0,1
0,1,2,5,44,2,8,2,2,3,2,0.0,0.2639175257731959,0.08247422680412371,0.34845360824742266,0.10103092783505155,0.18144329896907216,0.02268041237113402,1,0,1
0,0,2,5,44,1,8,2,2,3,2,0.0,0.2639175257731959,0.08247422680412371,0.34845360824742266,0.10103092783505155,0.18144329896907216,0.02268041237113402,1,0,1
1,1,0,5,43,3,8,2,2,3,2,5.0,0.2639175257731959,0.08247422680412371,0.34845360824742266,0.10103092783505155,0.18144329896907216,0.02268041237113402,1,0,1
1,0,0,5,43,2,8,2,2,3,2,5.0,0.2639175257731959,0.08247422680412371,0.34845360824742266,0.10103092783505155,0.18144329896907216,0.02268041237113402,1,0,1
1,0,0,5,42,2,8,2,2,2,1,0.0,0.2639175257731959,0.08247422680412371,0.34845360824742266,0.10103092783505155,0.18144329896907216,0.02268041237113402,1,0,1
0,0,0,5,42,1,8,2,2,2,1,2.0,0.2639175257731959,0.08247422680412371,0.34845360824742266,0.10103092783505155,0.18144329896907216,0.02268041237113402,1,0,1
1,0,2,4,38,2,8,2,2,2,1,5.0,0.2639175257731959,0.08247422680412371,0.34845360824742266,0.10103092783505155,0.18144329896907216,0.02268041237113402,1,0,1
0,0,2,4,38,1,8,2,2,2,1,3.0,0.2639175257731959,0.08247422680412371,0.34845360824742266,0.10103092783505155,0.18144329896907216,0.02268041237113402,1,0,1
1,2,2,4,37,4,8,2,2,2,1,5.0,0.2639175257731959,0.08247422680412371,0.34845360824742266,0.10103092783505155,0.18144329896907216,0.02268041237113402,1,0,1
1,1,2,4,37,3,8,2,2,2,1,5.0,0.2639175257731959,0.08247422680412371,0.34845360824742266,0.10103092783505155,0.18144329896907216,0.02268041237113402,1,0,1
1,0,2,4,37,2,8,2,2,2,1,3.0,0.2639175257731959,0.08247422680412371,0.34845360824742266,0.10103092783505155,0.18144329896907216,0.02268041237113402,1,0,1
0,0,2,4,37,1,8,2,2,2,1,3.0,0.2639175257731959,0.08247422680412371,0.34845360824742266,0.10103092783505155,0.18144329896907216,0.02268041237113402,1,0,1
2,2,1,4,36,5,8,2,2,2,1,0.0,0.2639175257731959,0.08247422680412371,0.34845360824742266,0.10103092783505155,0.18144329896907216,0.02268041237113402,1,0,1
2,1,1,4,36,4,8,2,2,2,1,0.0,0.2639175257731959,0.08247422680412371,0.34845360824742266,0.10103092783505155,0.18144329896907216,0.02268041237113402,1,0,1
1,1,1,4,36,3,8,2,2,2,1,1.0,0.2639175257731959,0.08247422680412371,0.34845360824742266,0.10103092783505155,0.18144329896907216,0.02268041237113402,1,0,1
0,0,1,4,36,1,8,2,2,2,1,0.0,0.2639175257731959,0.08247422680412371,0.34845360824742266,0.10103092783505155,0.18144329896907216,0.02268041237113402,1,0,1
2,0,0,4,35,3,8,2,2,2,1,1.0,0.2639175257731959,0.08247422680412371,0.34845360824742266,0.10103092783505155,0.18144329896907216,0.02268041237113402,1,0,1
1,0,0,4,35,2,8,2,2,2,1,1.0,0.2639175257731959,0.08247422680412371,0.34845360824742266,0.10103092783505155,0.18144329896907216,0.02268041237113402,1,0,1
0,0,0,4,35,1,8,2,2,2,1,0.0,0.2639175257731959,0.08247422680412371,0.34845360824742266,0.10103092783505155,0.18144329896907216,0.02268041237113402,1,0,1
0,0,2,3,25,1,4,2,2,2,1,4.0,0.2639175257731959,0.08247422680412371,0.34845360824742266,0.10103092783505155,0.18144329896907216,0.02268041237113402,1,0,1
1,1,1,3,24,3,4,2,2,2,1,3.0,0.2639175257731959,0.08247422680412371,0.34845360824742266,0.10103092783505155,0.18144329896907216,0.02268041237113402,1,0,1
1,0,1,3,24,2,4,2,2,2,1,3.0,0.2639175257731959,0.08247422680412371,0.34845360824742266,0.10103092783505155,0.18144329896907216,0.02268041237113402,1,0,1
0,0,1,3,24,1,4,2,2,2,1,1.0,0.2639175257731959,0.08247422680412371,0.34845360824742266,0.10103092783505155,0.18144329896907216,0.02268041237113402,1,0,1
1,2,0,3,23,5,4,2,2,2,1,3.0,0.2639175257731959,0.08247422680412371,0.34845360824742266,0.10103092783505155,0.18144329896907216,0.02268041237113402,1,0,1
1,2,0,3,23,4,4,2,2,2,1,0.0,0.2639175257731959,0.08247422680412371,0.34845360824742266,0.10103092783505155,0.18144329896907216,0.02268041237113402,1,0,1
1,1,0,3,23,3,4,2,2,2,1,5.0,0.2639175257731959,0.08247422680412371,0.34845360824742266,0.10103092783505155,0.18144329896907216,0.02268041237113402,1,0,1
1,0,0,3,23,2,4,2,2,2,1,3.0,0.2639175257731959,0.08247422680412371,0.34845360824742266,0.10103092783505155,0.18144329896907216,0.02268041237113402,1,0,1
0,0,0,3,23,1,4,2,2,2,1,3.0,0.2639175257731959,0.08247422680412371,0.34845360824742266,0.10103092783505155,0.18144329896907216,0.02268041237113402,1,0,1
2,1,2,2,14,4,1,1,1,2,1,0.0,0.2639175257731959,0.08247422680412371,0.34845360824742266,0.10103092783505155,0.18144329896907216,0.02268041237113402,1,0,1
1,1,2,2,14,3,1,1,1,2,1,3.0,0.2639175257731959,0.08247422680412371,0.34845360824742266,0.10103092783505155,0.18144329896907216,0.02268041237113402,1,0,1
0,1,2,2,14,2,1,1,1,2,1,5.0,0.2639175257731959,0.08247422680412371,0.34845360824742266,0.10103092783505155,0.18144329896907216,0.02268041237113402,1,0,1
1,1,2,2,13,3,1,1,1,1,0,3.0,0.2639175257731959,0.08247422680412371,0.34845360824742266,0.10103092783505155,0.18144329896907216,0.02268041237113402,1,0,1
1,0,2,2,13,2,1,1,1,1,0,0.0,0.2639175257731959,0.08247422680412371,0.34845360824742266,0.10103092783505155,0.18144329896907216,0.02268041237113402,1,0,1
0,0,2,2,13,1,1,1,1,1,0,0.0,0.2639175257731959,0.08247422680412371,0.34845360824742266,0.10103092783505155,0.18144329896907216,0.02268041237113402,1,0,1
0,1,1,2,12,2,1,1,1,1,0,3.0,0.2639175257731959,0.08247422680412371,0.34845360824742266,0.10103092783505155,0.18144329896907216,0.02268041237113402,1,0,1
0,0,1,2,12,1,1,1,1,1,0,0.0,0.2639175257731959,0.08247422680412371,0.34845360824742266,0.10103092783505155,0.18144329896907216,0.02268041237113402,1,0,1
0,0,0,2,11,1,1,1,1,1,0,0.0,0.2639175257731959,0.08247422680412371,0.34845360824742266,0.10103092783505155,0.18144329896907216,0.02268041237113402,1,0,1
0,1,2,1,6,2,0,1,1,1,0,3.0,0.2639175257731959,0.08247422680412371,0.34845360824742266,0.10103092783505155,0.18144329896907216,0.02268041237113402,1,0,1
0,0,2,1,6,1,0,1,1,1,0,3.0,0.2639175257731959,0.08247422680412371,0.34845360824742266,0.10103092783505155,0.18144329896907216,0.02268041237113402,1,0,1
1,1,1,1,5,3,0,0,0,1,0,5.0,0.2639175257731959,0.08247422680412371,0.34845360824742266,0.10103092783505155,0.18144329896907216,0.02268041237113402,1,0,1
0,1,1,1,5,2,0,0,0,1,0,5.0,0.2639175257731959,0.08247422680412371,0.34845360824742266,0.10103092783505155,0.18144329896907216,0.02268041237113402,1,0,1
0,0,1,1,5,1,0,0,0,1,0,3.0,0.2639175257731959,0.08247422680412371,0.34845360824742266,0.10103092783505155,0.18144329896907216,0.02268041237113402,1,0,1
3,1,1,1,4,5,0,0,0,1,0,1.0,0.2639175257731959,0.08247422680412371,0.34845360824742266,0.10103092783505155,0.18144329896907216,0.02268041237113402,1,0,1
3,0,1,1,4,4,0,0,0,1,0,0.0,0.2639175257731959,0.08247422680412371,0.34845360824742266,0.10103092783505155,0.18144329896907216,0.02268041237113402,1,0,1
2,0,1,1,4,3,0,0,0,1,0,0.0,0.2639175257731959,0.08247422680412371,0.34845360824742266,0.10103092783505155,0.18144329896907216,0.02268041237113402,1,0,1
1,0,1,1,4,2,0,0,0,1,0,1.0,0.2639175257731959,0.08247422680412371,0.34845360824742266,0.10103092783505155,0.18144329896907216,0.02268041237113402,1,0,1
2,1,0,1,3,4,0,0,0,1,0,1.0,0.2639175257731959,0.08247422680412371,0.34845360824742266,0.10103092783505155,0.18144329896907216,0.02268041237113402,1,0,1
2,0,0,1,3,3,0,0,0,1,0,1.0,0.2639175257731959,0.08247422680412371,0.34845360824742266,0.10103092783505155,0.18144329896907216,0.02268041237113402,1,0,1
1,0,0,1,3,2,0,0,0,1,0,3.0,0.2639175257731959,0.08247422680412371,0.34845360824742266,0.10103092783505155,0.18144329896907216,0.02268041237113402,1,0,1
0,0,0,1,3,1,0,0,0,1,0,3.0,0.2639175257731959,0.08247422680412371,0.34845360824742266,0.10103092783505155,0.18144329896907216,0.02268041237113402,1,0,1
3,1,0,1,2,5,0,0,0,1,0,0.0,0.2639175257731959,0.08247422680412371,0.34845360824742266,0.10103092783505155,0.18144329896907216,0.02268041237113402,1,0,1
2,1,0,1,2,4,0,0,0,1,0,5.0,0.2639175257731959,0.08247422680412371,0.34845360824742266,0.10103092783505155,0.18144329896907216,0.02268041237113402,1,0,1
2,0,0,1,2,3,0,0,0,1,0,0.0,0.2639175257731959,0.08247422680412371,0.34845360824742266,0.10103092783505155,0.18144329896907216,0.02268041237113402,1,0,1
1,0,0,1,2,2,0,0,0,1,0,5.0,0.2639175257731959,0.08247422680412371,0.34845360824742266,0.10103092783505155,0.18144329896907216,0.02268041237113402,1,0,1
0,0,0,1,2,1,0,0,0,1,0,0.0,0.2639175257731959,0.08247422680412371,0.34845360824742266,0.10103092783505155,0.18144329896907216,0.02268041237113402,1,0,1
0,0,0,1,1,1,0,0,0,1,0,0.0,0.2639175257731959,0.08247422680412371,0.34845360824742266,0.10103092783505155,0.18144329896907216,0.02268041237113402,1,0,1
1,2,2,4,40,4,2,4,2,3,2,0.0,0.27157894736842103,0.06315789473684211,0.3473684210526316,0.1031578947368421,0.18947368421052632,0.02526315789473684,1,0,0
0,2,2,4,40,3,2,4,2,3,2,3.0,0.27157894736842103,0.06315789473684211,0.3473684210526316,0.1031578947368421,0.18947368421052632,0.02526315789473684,1,0,0
0,1,2,4,40,2,2,4,2,3,2,3.0,0.27157894736842103,0.06315789473684211,0.3473684210526316,0.1031578947368421,0.18947368421052632,0.02526315789473684,1,0,0
0,0,2,4,40,1,2,4,2,3,2,3.0,0.27157894736842103,0.06315789473684211,0.3473684210526316,0.1031578947368421,0.18947368421052632,0.02526315789473684,1,0,0
2,1,1,4,39,4,1,4,1,2,1,1.0,0.27157894736842103,0.06315789473684211,0.3473684210526316,0.1031578947368421,0.18947368421052632,0.02526315789473684,1,0,0
1,0,1,4,39,2,1,4,1,2,1,0.0,0.27157894736842103,0.06315789473684211,0.3473684210526316,0.1031578947368421,0.18947368421052632,0.02526315789473684,1,0,0
0,0,1,4,39,1,1,4,1,2,1,0.0,0.27157894736842103,0.06315789473684211,0.3473684210526316,0.1031578947368421,0.18947368421052632,0.02526315789473684,1,0,0
2,2,1,4,38,5,0,4,0,2,1,0.0,0.27157894736842103,0.06315789473684211,0.3473684210526316,0.1031578947368421,0.18947368421052632,0.02526315789473684,1,0,0
1,2,1,4,38,4,0,4,0,2,1,0.0,0.27157894736842103,0.06315789473684211,0.3473684210526316,0.1031578947368421,0.18947368421052632,0.02526315789473684,1,0,0
1,1,1,4,38,3,0,4,0,2,1,3.0,0.27157894736842103,0.06315789473684211,0.3473684210526316,0.1031578947368421,0.18947368421052632,0.02526315789473684,1,0,0
1,0,1,4,38,2,0,4,0,2,1,3.0,0.27157894736842103,0.06315789473684211,0.3473684210526316,0.1031578947368421,0.18947368421052632,0.02526315789473684,1,0,0
0,0,1,4,38,1,0,4,0,2,1,3.0,0.27157894736842103,0.06315789473684211,0.3473684210526316,0.1031578947368421,0.18947368421052632,0.02526315789473684,1,0,0
0,0,1,4,37,1,0,4,0,2,1,1.0,0.27157894736842103,0.06315789473684211,0.3473684210526316,0.1031578947368421,0.18947368421052632,0.02526315789473684,0,0,0
2,2,1,4,36,5,0,4,0,2,1,1.0,0.27157894736842103,0.06315789473684211,0.3473684210526316,0.1031578947368421,0.18947368421052632,0.02526315789473684,1,0,0
1,2,1,4,36,4,0,4,0,2,1,0.0,0.27157894736842103,0.06315789473684211,0.3473684210526316,0.1031578947368421,0.18947368421052632,0.02526315789473684,1,0,0
0,2,1,4,36,3,0,4,0,2,1,5.0,0.27157894736842103,0.06315789473684211,0.3473684210526316,0.1031578947368421,0.18947368421052632,0.02526315789473684,1,0,0
0,1,1,4,36,2,0,4,0,2,1,3.0,0.27157894736842103,0.06315789473684211,0.3473684210526316,0.1031578947368421,0.18947368421052632,0.02526315789473684,1,0,0
3,1,1,4,35,5,0,4,0,2,1,0.0,0.27157894736842103,0.06315789473684211,0.3473684210526316,0.1031578947368421,0.18947368421052632,0.02526315789473684,1,0,0
1,1,1,4,35,3,0,4,0,2,1,3.0,0.27157894736842103,0.06315789473684211,0.3473684210526316,0.1031578947368421,0.18947368421052632,0.02526315789473684,1,0,0
1,0,1,4,35,2,0,4,0,2,1,0.0,0.27157894736842103,0.06315789473684211,0.3473684210526316,0.1031578947368421,0.18947368421052632,0.02526315789473684,1,0,0
0,0,1,4,35,1,0,4,0,2,1,0.0,0.27157894736842103,0.06315789473684211,0.3473684210526316,0.1031578947368421,0.18947368421052632,0.02526315789473684,1,0,0
1,2,0,4,34,4,0,4,0,2,1,0.0,0.27157894736842103,0.06315789473684211,0.3473684210526316,0.1031578947368421,0.18947368421052632,0.02526315789473684,1,0,0
1,1,0,4,34,3,0,4,0,2,1,0.0,0.27157894736842103,0.06315789473684211,0.3473684210526316,0.1031578947368421,0.18947368421052632,0.02526315789473684,1,0,0
0,1,0,4,34,2,0,4,0,2,1,5.0,0.27157894736842103,0.06315789473684211,0.3473684210526316,0.1031578947368421,0.18947368421052632,0.02526315789473684,1,0,0
0,0,0,4,34,1,0,4,0,2,1,3.0,0.27157894736842103,0.06315789473684211,0.3473684210526316,0.1031578947368421,0.18947368421052632,0.02526315789473684,1,0,0
1,2,2,3,27,4,0,2,0,2,1,0.0,0.27157894736842103,0.06315789473684211,0.3473684210526316,0.1031578947368421,0.18947368421052632,0.02526315789473684,1,0,0
1,1,2,3,27,3,0,2,0,2,1,1.0,0.27157894736842103,0.06315789473684211,0.3473684210526316,0.1031578947368421,0.18947368421052632,0.02526315789473684,1,0,0
1,0,2,3,27,2,0,2,0,2,1,0.0,0.27157894736842103,0.06315789473684211,0.3473684210526316,0.1031578947368421,0.18947368421052632,0.02526315789473684,1,0,0
0,0,2,3,27,1,0,2,0,2,1,0.0,0.27157894736842103,0.06315789473684211,0.3473684210526316,0.1031578947368421,0.18947368421052632,0.02526315789473684,1,0,0
3,2,2,3,26,7,0,2,0,2,1,5.0,0.27157894736842103,0.06315789473684211,0.3473684210526316,0.1031578947368421,0.18947368421052632,0.02526315789473684,1,0,0
3,2,2,3,26,6,0,2,0,2,1,0.0,0.27157894736842103,0.06315789473684211,0.3473684210526316,0.1031578947368421,0.18947368421052632,0.02526315789473684,1,0,0
2,2,2,3,26,5,0,2,0,2,1,2.0,0.27157894736842103,0.06315789473684211,0.3473684210526316,0.1031578947368421,0.18947368421052632,0.02526315789473684,1,0,0
2,1,2,3,26,4,0,2,0,2,1,2.0,0.27157894736842103,0.06315789473684211,0.3473684210526316,0.1031578947368421,0.18947368421052632,0.02526315789473684,1,0,0
2,0,2,3,26,3,0,2,0,2,1,0.0,0.27157894736842103,0.06315789473684211,0.3473684210526316,0.1031578947368421,0.18947368421052632,0.02526315789473684,1,0,0
1,0,2,3,26,2,0,2,0,2,1,5.0,0.27157894736842103,0.06315789473684211,0.3473684210526316,0.1031578947368421,0.18947368421052632,0.02526315789473684,1,0,0
0,0,2,3,26,1,0,2,0,2,1,1.0,0.27157894736842103,0.06315789473684211,0.3473684210526316,0.1031578947368421,0.18947368421052632,0.02526315789473684,1,0,0
1,0,2,3,25,2,0,2,0,2,1,0.0,0.27157894736842103,0.06315789473684211,0.3473684210526316,0.1031578947368421,0.18947368421052632,0.02526315789473684,1,0,0
0,0,2,3,25,1,0,2,0,2,1,0.0,0.27157894736842103,0.06315789473684211,0.3473684210526316,0.1031578947368421,0.18947368421052632,0.02526315789473684,1,0,0
1,2,1,3,24,4,0,2,0,1,0,1.0,0.27157894736842103,0.06315789473684211,0.3473684210526316,0.1031578947368421,0.18947368421052632,0.02526315789473684,1,0,0
0,2,1,3,24,3,0,2,0,1,0,4.0,0.27157894736842103,0.06315789473684211,0.3473684210526316,0.1031578947368421,0.18947368421052632,0.02526315789473684,1,0,0
0,1,1,3,24,2,0,2,0,1,0,0.0,0.27157894736842103,0.06315789473684211,0.3473684210526316,0.1031578947368421,0.18947368421052632,0.02526315789473684,1,0,0
1,0,0,3,23,2,0,2,0,1,0,0.0,0.27157894736842103,0.06315789473684211,0.3473684210526316,0.1031578947368421,0.18947368421052632,0.02526315789473684,1,0,0
0,0,0,3,23,1,0,2,0,1,0,0.0,0.27157894736842103,0.06315789473684211,0.3473684210526316,0.1031578947368421,0.18947368421052632,0.02526315789473684,1,0,0
1,2,2,2,17,4,0,1,0,1,0,1.0,0.27157894736842103,0.06315789473684211,0.3473684210526316,0.1031578947368421,0.18947368421052632,0.02526315789473684,0,0,0
0,1,2,2,17,2,0,1,0,1,0,0.0,0.27157894736842103,0.06315789473684211,0.3473684210526316,0.1031578947368421,0.18947368421052632,0.02526315789473684,0,0,0
1,2,1,2,16,4,0,1,0,1,0,0.0,0.27157894736842103,0.06315789473684211,0.3473684210526316,0.1031578947368421,0.18947368421052632,0.02526315789473684,1,0,0
1,1,1,2,16,3,0,1,0,1,0,0.0,0.27157894736842103,0.06315789473684211,0.3473684210526316,0.1031578947368421,0.18947368421052632,0.02526315789473684,1,0,0
0,1,1,2,16,2,0,1,0,1,0,5.0,0.27157894736842103,0.06315789473684211,0.3473684210526316,0.1031578947368421,0.18947368421052632,0.02526315789473684,1,0,0
0,0,1,2,16,1,0,1,0,1,0,0.0,0.27157894736842103,0.06315789473684211,0.3473684210526316,0.1031578947368421,0.18947368421052632,0.02526315789473684,1,0,0
2,2,1,2,15,6,0,1,0,1,0,5.0,0.27157894736842103,0.06315789473684211,0.3473684210526316,0.1031578947368421,0.18947368421052632,0.02526315789473684,1,0,0
1,2,1,2,15,4,0,1,0,1,0,0.0,0.27157894736842103,0.06315789473684211,0.3473684210526316,0.1031578947368421,0.18947368421052632,0.02526315789473684,1,0,0
1,1,1,2,15,3,0,1,0,1,0,5.0,0.27157894736842103,0.06315789473684211,0.3473684210526316,0.1031578947368421,0.18947368421052632,0.02526315789473684,1,0,0
0,2,0,2,14,3,0,1,0,1,0,3.0,0.27157894736842103,0.06315789473684211,0.3473684210526316,0.1031578947368421,0.18947368421052632,0.02526315789473684,1,0,0
0,1,0,2,14,2,0,1,0,1,0,3.0,0.27157894736842103,0.06315789473684211,0.3473684210526316,0.1031578947368421,0.18947368421052632,0.02526315789473684,1,0,0
0,0,0,2,14,1,0,1,0,1,0,0.0,0.27157894736842103,0.06315789473684211,0.3473684210526316,0.1031578947368421,0.18947368421052632,0.02526315789473684,1,0,0
2,2,2,1,8,5,0,0,0,1,0,1.0,0.27157894736842103,0.06315789473684211,0.3473684210526316,0.1031578947368421,0.18947368421052632,0.02526315789473684,1,0,0
1,2,2,1,8,4,0,0,0,1,0,4.0,0.27157894736842103,0.06315789473684211,0.3473684210526316,0.1031578947368421,0.18947368421052632,0.02526315789473684,1,0,0
0,2,2,1,8,3,0,0,0,1,0,4.0,0.27157894736842103,0.06315789473684211,0.3473684210526316,0.1031578947368421,0.18947368421052632,0.02526315789473684,1,0,0
0,1,2,1,8,2,0,0,0,1,0,0.0,0.27157894736842103,0.06315789473684211,0.3473684210526316,0.1031578947368421,0.18947368421052632,0.02526315789473684,1,0,0
0,0,2,1,8,1,0,0,0,1,0,0.0,0.27157894736842103,0.06315789473684211,0.3473684210526316,0.1031578947368421,0.18947368421052632,0.02526315789473684,1,0,0
1,1,1,1,7,3,0,0,0,1,0,1.0,0.27157894736842103,0.06315789473684211,0.3473684210526316,0.1031578947368421,0.18947368421052632,0.02526315789473684,1,0,0
0,1,1,1,7,2,0,0,0,1,0,3.0,0.27157894736842103,0.06315789473684211,0.3473684210526316,0.1031578947368421,0.18947368421052632,0.02526315789473684,1,0,0
0,0,1,1,7,1,0,0,0,1,0,3.0,0.27157894736842103,0.06315789473684211,0.3473684210526316,0.1031578947368421,0.18947368421052632,0.02526315789473684,1,0,0
2,2,0,1,6,5,0,0,0,1,0,3.0,0.27157894736842103,0.06315789473684211,0.3473684210526316,0.1031578947368421,0.18947368421052632,0.02526315789473684,1,0,0
1,2,0,1,6,4,0,0,0,1,0,3.0,0.27157894736842103,0.06315789473684211,0.3473684210526316,0.1031578947368421,0.18947368421052632,0.02526315789473684,1,0,0
1,1,0,1,6,3,0,0,0,1,0,1.0,0.27157894736842103,0.06315789473684211,0.3473684210526316,0.1031578947368421,0.18947368421052632,0.02526315789473684,1,0,0
0,1,0,1,6,2,0,0,0,1,0,1.0,0.27157894736842103,0.06315789473684211,0.3473684210526316,0.1031578947368421,0.18947368421052632,0.02526315789473684,1,0,0
0,0,0,1,6,1,0,0,0,1,0,0.0,0.27157894736842103,0.06315789473684211,0.3473684210526316,0.1031578947368421,0.18947368421052632,0.02526315789473684,1,0,0
0,0,2,6,47,1,0,7,0,3,2,1.0,0.2579185520361991,0.038461538461538464,0.36877828054298645,0.11764705882352941,0.18778280542986425,0.029411764705882353,1,0,0
0,2,2,6,46,3,0,7,0,3,2,3.0,0.2579185520361991,0.038461538461538464,0.36877828054298645,0.11764705882352941,0.18778280542986425,0.029411764705882353,1,0,0
0,1,2,6,46,2,0,7,0,3,2,0.0,0.2579185520361991,0.038461538461538464,0.36877828054298645,0.11764705882352941,0.18778280542986425,0.029411764705882353,1,0,0
0,0,2,6,46,1,0,7,0,3,2,3.0,0.2579185520361991,0.038461538461538464,0.36877828054298645,0.11764705882352941,0.18778280542986425,0.029411764705882353,1,0,0
1,1,2,6,45,3,0,7,0,2,1,0.0,0.2579185520361991,0.038461538461538464,0.36877828054298645,0.11764705882352941,0.18778280542986425,0.029411764705882353,1,0,0
0,0,2,6,45,1,0,7,0,2,1,3.0,0.2579185520361991,0.038461538461538464,0.36877828054298645,0.11764705882352941,0.18778280542986425,0.029411764705882353,1,0,0
0,0,1,6,44,1,0,7,0,2,1,0.0,0.2579185520361991,0.038461538461538464,0.36877828054298645,0.11764705882352941,0.18778280542986425,0.029411764705882353,1,0,0
2,2,0,6,43,5,0,7,0,2,1,0.0,0.2579185520361991,0.038461538461538464,0.36877828054298645,0.11764705882352941,0.18778280542986425,0.029411764705882353,1,0,0
1,2,0,6,43,4,0,7,0,2,1,5.0,0.2579185520361991,0.038461538461538464,0.36877828054298645,0.11764705882352941,0.18778280542986425,0.029411764705882353,1,0,0
1,1,0,6,43,3,0,7,0,2,1,3.0,0.2579185520361991,0.038461538461538464,0.36877828054298645,0.11764705882352941,0.18778280542986425,0.029411764705882353,1,0,0
0,1,0,6,43,2,0,7,0,2,1,0.0,0.2579185520361991,0.038461538461538464,0.36877828054298645,0.11764705882352941,0.18778280542986425,0.029411764705882353,1,0,0
0,0,0,6,43,1,0,7,0,2,1,0.0,0.2579185520361991,0.038461538461538464,0.36877828054298645,0.11764705882352941,0.18778280542986425,0.029411764705882353,1,0,0
1,2,2,5,38,4,0,7,0,2,1,5.0,0.2579185520361991,0.038461538461538464,0.36877828054298645,0.11764705882352941,0.18778280542986425,0.029411764705882353,1,0,0
0,2,2,5,38,3,0,7,0,2,1,5.0,0.2579185520361991,0.038461538461538464,0.36877828054298645,0.11764705882352941,0.18778280542986425,0.029411764705882353,1,0,0
0,1,2,5,38,2,0,7,0,2,1,3.0,0.2579185520361991,0.038461538461538464,0.36877828054298645,0.11764705882352941,0.18778280542986425,0.029411764705882353,1,0,0
1,0,0,5,37,2,0,7,0,2,1,5.0,0.2579185520361991,0.038461538461538464,0.36877828054298645,0.11764705882352941,0.18778280542986425,0.029411764705882353,1,0,0
3,2,0,5,36,8,0,7,0,2,1,0.0,0.2579185520361991,0.038461538461538464,0.36877828054298645,0.11764705882352941,0.18778280542986425,0.029411764705882353,0,0,0
3,2,0,5,36,7,0,7,0,2,1,5.0,0.2579185520361991,0.038461538461538464,0.36877828054298645,0.11764705882352941,0.18778280542986425,0.029411764705882353,0,0,0
3,2,0,5,36,6,0,7,0,2,1,1.0,0.2579185520361991,0.038461538461538464,0.36877828054298645,0.11764705882352941,0.18778280542986425,0.029411764705882353,0,0,0
3,1,0,5,36,5,0,7,0,2,1,1.0,0.2579185520361991,0.038461538461538464,0.36877828054298645,0.11764705882352941,0.18778280542986425,0.029411764705882353,0,0,0
2,1,0,5,36,4,0,7,0,2,1,4.0,0.2579185520361991,0.038461538461538464,0.36877828054298645,0.11764705882352941,0.18778280542986425,0.029411764705882353,0,0,0
1,1,0,5,36,3,0,7,0,2,1,5.0,0.2579185520361991,0.038461538461538464,0.36877828054298645,0.11764705882352941,0.18778280542986425,0.029411764705882353,0,0,0
0,1,0,5,36,2,0,7,0,2,1,1.0,0.2579185520361991,0.038461538461538464,0.36877828054298645,0.11764705882352941,0.18778280542986425,0.029411764705882353,0,0,0
0,0,0,5,36,1,0,7,0,2,1,0.0,0.2579185520361991,0.038461538461538464,0.36877828054298645,0.11764705882352941,0.18778280542986425,0.029411764705882353,0,0,0
2,0,2,4,32,3,0,7,0,2,1,5.0,0.2579185520361991,0.038461538461538464,0.36877828054298645,0.11764705882352941,0.18778280542986425,0.029411764705882353,1,0,0
1,0,2,4,32,2,0,7,0,2,1,3.0,0.2579185520361991,0.038461538461538464,0.36877828054298645,0.11764705882352941,0.18778280542986425,0.029411764705882353,1,0,0
0,0,2,4,32,1,0,7,0,2,1,0.0,0.2579185520361991,0.038461538461538464,0.36877828054298645,0.11764705882352941,0.18778280542986425,0.029411764705882353,1,0,0
0,2,1,4,31,3,0,7,0,2,1,2.0,0.2579185520361991,0.038461538461538464,0.36877828054298645,0.11764705882352941,0.18778280542986425,0.029411764705882353,1,0,0
0,1,1,4,31,2,0,7,0,2,1,0.0,0.2579185520361991,0.038461538461538464,0.36877828054298645,0.11764705882352941,0.18778280542986425,0.029411764705882353,1,0,0
0,0,1,4,31,1,0,7,0,2,1,0.0,0.2579185520361991,0.038461538461538464,0.36877828054298645,0.11764705882352941,0.18778280542986425,0.029411764705882353,1,0,0
0,1,0,4,30,2,0,7,0,2,1,1.0,0.2579185520361991,0.038461538461538464,0.36877828054298645,0.11764705882352941,0.18778280542986425,0.029411764705882353,1,0,0
0,0,0,4,30,1,0,7,0,2,1,0.0,0.2579185520361991,0.038461538461538464,0.36877828054298645,0.11764705882352941,0.18778280542986425,0.029411764705882353,1,0,0
1,2,2,3,18,4,0,0,0,1,0,5.0,0.2579185520361991,0.038461538461538464,0.36877828054298645,0.11764705882352941,0.18778280542986425,0.029411764705882353,1,0,0
0,2,2,3,18,3,0,0,0,1,0,5.0,0.2579185520361991,0.038461538461538464,0.36877828054298645,0.11764705882352941,0.18778280542986425,0.029411764705882353,1,0,0
0,1,2,3,18,2,0,0,0,1,0,1.0,0.2579185520361991,0.038461538461538464,0.36877828054298645,0.11764705882352941,0.18778280542986425,0.029411764705882353,1,0,0
0,0,2,3,18,1,0,0,0,1,0,0.0,0.2579185520361991,0.038461538461538464,0.36877828054298645,0.11764705882352941,0.18778280542986425,0.029411764705882353,1,0,0
2,2,1,3,17,5,0,0,0,1,0,5.0,0.2579185520361991,0.038461538461538464,0.36877828054298645,0.11764705882352941,0.18778280542986425,0.029411764705882353,1,0,0
1,2,1,3,17,4,0,0,0,1,0,0.0,0.2579185520361991,0.038461538461538464,0.36877828054298645,0.11764705882352941,0.18778280542986425,0.029411764705882353,1,0,0
0,2,1,3,17,3,0,0,0,1,0,4.0,0.2579185520361991,0.038461538461538464,0.36877828054298645,0.11764705882352941,0.18778280542986425,0.029411764705882353,1,0,0
0,1,1,3,17,2,0,0,0,1,0,0.0,0.2579185520361991,0.038461538461538464,0.36877828054298645,0.11764705882352941,0.18778280542986425,0.029411764705882353,1,0,0
0,0,1,3,17,1,0,0,0,1,0,3.0,0.2579185520361991,0.038461538461538464,0.36877828054298645,0.11764705882352941,0.18778280542986425,0.029411764705882353,1,0,0
3,2,0,3,16,6,0,0,0,1,0,0.0,0.2579185520361991,0.038461538461538464,0.36877828054298645,0.11764705882352941,0.18778280542986425,0.029411764705882353,1,0,0
3,1,0,3,16,5,0,0,0,1,0,4.0,0.2579185520361991,0.038461538461538464,0.36877828054298645,0.11764705882352941,0.18778280542986425,0.029411764705882353,1,0,0
3,0,0,3,16,4,0,0,0,1,0,0.0,0.2579185520361991,0.038461538461538464,0.36877828054298645,0.11764705882352941,0.18778280542986425,0.029411764705882353,1,0,0
2,0,0,3,16,3,0,0,0,1,0,0.0,0.2579185520361991,0.038461538461538464,0.36877828054298645,0.11764705882352941,0.18778280542986425,0.029411764705882353,1,0,0
1,0,0,3,16,2,0,0,0,1,0,3.0,0.2579185520361991,0.038461538461538464,0.36877828054298645,0.11764705882352941,0.18778280542986425,0.029411764705882353,1,0,0
0,0,0,3,16,1,0,0,0,1,0,3.0,0.2579185520361991,0.038461538461538464,0.36877828054298645,0.11764705882352941,0.18778280542986425,0.029411764705882353,1,0,0
0,0,2,2,12,1,0,0,0,1,0,1.0,0.2579185520361991,0.038461538461538464,0.36877828054298645,0.11764705882352941,0.18778280542986425,0.029411764705882353,1,0,0
0,2,1,2,11,3,0,0,0,1,0,2.0,0.2579185520361991,0.038461538461538464,0.36877828054298645,0.11764705882352941,0.18778280542986425,0.029411764705882353,1,0,0
0,1,1,2,11,2,0,0,0,1,0,5.0,0.2579185520361991,0.038461538461538464,0.36877828054298645,0.11764705882352941,0.18778280542986425,0.029411764705882353,1,0,0
0,0,1,2,11,1,0,0,0,1,0,1.0,0.2579185520361991,0.038461538461538464,0.36877828054298645,0.11764705882352941,0.18778280542986425,0.029411764705882353,1,0,0
1,1,0,2,10,3,0,0,0,1,0,1.0,0.2579185520361991,0.038461538461538464,0.36877828054298645,0.11764705882352941,0.18778280542986425,0.029411764705882353,0,0,0
0,1,0,2,10,2,0,0,0,1,0,4.0,0.2579185520361991,0.038461538461538464,0.36877828054298645,0.11764705882352941,0.18778280542986425,0.029411764705882353,0,0,0
0,0,0,2,10,1,0,0,0,1,0,0.0,0.2579185520361991,0.038461538461538464,0.36877828054298645,0.11764705882352941,0.18778280542986425,0.029411764705882353,0,0,0
1,1,2,1,6,3,0,0,0,1,0,0.0,0.2579185520361991,0.038461538461538464,0.36877828054298645,0.11764705882352941,0.18778280542986425,0.029411764705882353,1,0,0
1,0,2,1,6,2,0,0,0,1,0,0.0,0.2579185520361991,0.038461538461538464,0.36877828054298645,0.11764705882352941,0.18778280542986425,0.029411764705882353,1,0,0
0,0,2,1,6,1,0,0,0,1,0,4.0,0.2579185520361991,0.038461538461538464,0.36877828054298645,0.11764705882352941,0.18778280542986425,0.029411764705882353,1,0,0
1,2,1,1,5,4,0,0,0,1,0,0.0,0.2579185520361991,0.038461538461538464,0.36877828054298645,0.11764705882352941,0.18778280542986425,0.029411764705882353,1,0,0
1,1,1,1,5,3,0,0,0,1,0,5.0,0.2579185520361991,0.038461538461538464,0.36877828054298645,0.11764705882352941,0.18778280542986425,0.029411764705882353,1,0,0
1,0,1,1,5,2,0,0,0,1,0,3.0,0.2579185520361991,0.038461538461538464,0.36877828054298645,0.11764705882352941,0.18778280542986425,0.029411764705882353,1,0,0
0,0,1,1,5,1,0,0,0,1,0,3.0,0.2579185520361991,0.038461538461538464,0.36877828054298645,0.11764705882352941,0.18778280542986425,0.029411764705882353,1,0,0
3,2,0,1,4,6,0,0,0,1,0,0.0,0.2579185520361991,0.038461538461538464,0.36877828054298645,0.11764705882352941,0.18778280542986425,0.029411764705882353,1,0,0
3,1,0,1,4,5,0,0,0,1,0,0.0,0.2579185520361991,0.038461538461538464,0.36877828054298645,0.11764705882352941,0.18778280542986425,0.029411764705882353,1,0,0
2,1,0,1,4,4,0,0,0,1,0,0.0,0.2579185520361991,0.038461538461538464,0.36877828054298645,0.11764705882352941,0.18778280542986425,0.029411764705882353,1,0,0
1,1,0,1,4,3,0,0,0,1,0,0.0,0.2579185520361991,0.038461538461538464,0.36877828054298645,0.11764705882352941,0.18778280542986425,0.029411764705882353,1,0,0
1,0,0,1,4,2,0,0,0,1,0,0.0,0.2579185520361991,0.038461538461538464,0.36877828054298645,0.11764705882352941,0.18778280542986425,0.029411764705882353,1,0,0
0,0,0,1,4,1,0,0,0,1,0,0.0,0.2579185520361991,0.038461538461538464,0.36877828054298645,0.11764705882352941,0.18778280542986425,0.029411764705882353,1,0,0
3,2,0,7,53,7,1,4,4,4,3,4.0,0.2413793103448276,0.034482758620689655,0.3522167487684729,0.1354679802955665,0.19950738916256158,0.03694581280788178,1,0,1
3,2,0,7,53,6,1,4,4,4,3,0.0,0.2413793103448276,0.034482758620689655,0.3522167487684729,0.1354679802955665,0.19950738916256158,0.03694581280788178,1,0,1
2,2,0,7,53,5,1,4,4,4,3,0.0,0.2413793103448276,0.034482758620689655,0.3522167487684729,0.1354679802955665,0.19950738916256158,0.03694581280788178,1,0,1
1,2,0,7,53,4,1,4,4,4,3,5.0,0.2413793103448276,0.034482758620689655,0.3522167487684729,0.1354679802955665,0.19950738916256158,0.03694581280788178,1,0,1
0,2,0,7,53,3,1,4,4,4,3,4.0,0.2413793103448276,0.034482758620689655,0.3522167487684729,0.1354679802955665,0.19950738916256158,0.03694581280788178,1,0,1
0,1,0,7,53,2,1,4,4,4,3,4.0,0.2413793103448276,0.034482758620689655,0.3522167487684729,0.1354679802955665,0.19950738916256158,0.03694581280788178,1,0,1
0,0,0,7,53,1,1,4,4,4,3,4.0,0.2413793103448276,0.034482758620689655,0.3522167487684729,0.1354679802955665,0.19950738916256158,0.03694581280788178,1,0,1
1,1,0,7,52,3,1,3,3,4,3,3.0,0.2413793103448276,0.034482758620689655,0.3522167487684729,0.1354679802955665,0.19950738916256158,0.03694581280788178,1,0,1
0,1,0,7,52,2,1,3,3,4,3,3.0,0.2413793103448276,0.034482758620689655,0.3522167487684729,0.1354679802955665,0.19950738916256158,0.03694581280788178,1,0,1
0,0,0,7,52,1,1,3,3,4,3,3.0,0.2413793103448276,0.034482758620689655,0.3522167487684729,0.1354679802955665,0.19950738916256158,0.03694581280788178,1,0,1
3,1,0,7,51,5,1,3,3,3,2,4.0,0.2413793103448276,0.034482758620689655,0.3522167487684729,0.1354679802955665,0.19950738916256158,0.03694581280788178,0,0,1
2,1,0,7,51,4,1,3,3,3,2,4.0,0.2413793103448276,0.034482758620689655,0.3522167487684729,0.1354679802955665,0.19950738916256158,0.03694581280788178,0,0,1
1,1,0,7,51,3,1,3,3,3,2,4.0,0.2413793103448276,0.034482758620689655,0.3522167487684729,0.1354679802955665,0.19950738916256158,0.03694581280788178,0,0,1
0,1,0,7,51,2,1,3,3,3,2,0.0,0.2413793103448276,0.034482758620689655,0.3522167487684729,0.1354679802955665,0.19950738916256158,0.03694581280788178,0,0,1
0,0,0,7,51,1,1,3,3,3,2,0.0,0.2413793103448276,0.034482758620689655,0.3522167487684729,0.1354679802955665,0.19950738916256158,0.03694581280788178,0,0,1
0,0,0,7,50,1,1,3,3,3,2,1.0,0.2413793103448276,0.034482758620689655,0.3522167487684729,0.1354679802955665,0.19950738916256158,0.03694581280788178,1,0,1
0,1,0,7,49,2,1,2,2,3,2,1.0,0.2413793103448276,0.034482758620689655,0.3522167487684729,0.1354679802955665,0.19950738916256158,0.03694581280788178,0,0,1
0,0,0,7,49,1,1,2,2,3,2,1.0,0.2413793103448276,0.034482758620689655,0.3522167487684729,0.1354679802955665,0.19950738916256158,0.03694581280788178,0,0,1
0,2,2,6,45,3,1,2,2,3,2,5.0,0.2413793103448276,0.034482758620689655,0.3522167487684729,0.1354679802955665,0.19950738916256158,0.03694581280788178,1,0,1
0,1,2,6,45,2,1,2,2,3,2,5.0,0.2413793103448276,0.034482758620689655,0.3522167487684729,0.1354679802955665,0.19950738916256158,0.03694581280788178,1,0,1
0,0,2,6,45,1,1,2,2,3,2,3.0,0.2413793103448276,0.034482758620689655,0.3522167487684729,0.1354679802955665,0.19950738916256158,0.03694581280788178,1,0,1
2,2,1,6,44,6,1,2,2,3,2,3.0,0.2413793103448276,0.034482758620689655,0.3522167487684729,0.1354679802955665,0.19950738916256158,0.03694581280788178,1,0,1
2,2,1,6,44,5,1,2,2,3,2,3.0,0.2413793103448276,0.034482758620689655,0.3522167487684729,0.1354679802955665,0.19950738916256158,0.03694581280788178,1,0,1
1,2,1,6,44,4,1,2,2,3,2,0.0,0.2413793103448276,0.034482758620689655,0.3522167487684729,0.1354679802955665,0.19950738916256158,0.03694581280788178,1,0,1
0,2,1,6,44,3,1,2,2,3,2,5.0,0.2413793103448276,0.034482758620689655,0.3522167487684729,0.1354679802955665,0.19950738916256158,0.03694581280788178,1,0,1
0,1,1,6,44,2,1,2,2,3,2,3.0,0.2413793103448276,0.034482758620689655,0.3522167487684729,0.1354679802955665,0.19950738916256158,0.03694581280788178,1,0,1
0,0,1,6,44,1,1,2,2,3,2,3.0,0.2413793103448276,0.034482758620689655,0.3522167487684729,0.1354679802955665,0.19950738916256158,0.03694581280788178,1,0,1
2,2,0,6,43,5,1,2,2,3,2,3.0,0.2413793103448276,0.034482758620689655,0.3522167487684729,0.1354679802955665,0.19950738916256158,0.03694581280788178,1,0,1
2,1,0,6,43,4,1,2,2,3,2,4.0,0.2413793103448276,0.034482758620689655,0.3522167487684729,0.1354679802955665,0.19950738916256158,0.03694581280788178,1,0,1
1,1,0,6,43,3,1,2,2,3,2,5.0,0.2413793103448276,0.034482758620689655,0.3522167487684729,0.1354679802955665,0.19950738916256158,0.03694581280788178,1,0,1
1,0,0,6,43,2,1,2,2,3,2,3.0,0.2413793103448276,0.034482758620689655,0.3522167487684729,0.1354679802955665,0.19950738916256158,0.03694581280788178,1,0,1
0,0,0,6,43,1,1,2,2,3,2,3.0,0.2413793103448276,0.034482758620689655,0.3522167487684729,0.1354679802955665,0.19950738916256158,0.03694581280788178,1,0,1
1,0,0,6,42,2,1,2,2,3,2,1.0,0.2413793103448276,0.034482758620689655,0.3522167487684729,0.1354679802955665,0.19950738916256158,0.03694581280788178,1,0,1
0,0,0,6,42,1,1,2,2,3,2,5.0,0.2413793103448276,0.034482758620689655,0.3522167487684729,0.1354679802955665,0.19950738916256158,0.03694581280788178,1,0,1
1,1,2,5,38,3,1,2,2,3,2,0.0,0.2413793103448276,0.034482758620689655,0.3522167487684729,0.1354679802955665,0.19950738916256158,0.03694581280788178,1,0,1
0,1,2,5,38,2,1,2,2,3,2,4.0,0.2413793103448276,0.034482758620689655,0.3522167487684729,0.1354679802955665,0.19950738916256158,0.03694581280788178,1,0,1
0,0,2,5,38,1,1,2,2,3,2,0.0,0.2413793103448276,0.034482758620689655,0.3522167487684729,0.1354679802955665,0.19950738916256158,0.03694581280788178,1,0,1
1,2,1,5,37,4,1,2,2,3,2,5.0,0.2413793103448276,0.034482758620689655,0.3522167487684729,0.1354679802955665,0.19950738916256158,0.03694581280788178,1,0,1
1,1,1,5,37,3,1,2,2,3,2,3.0,0.2413793103448276,0.034482758620689655,0.3522167487684729,0.1354679802955665,0.19950738916256158,0.03694581280788178,1,0,1
1,0,1,5,37,2,1,2,2,3,2,1.0,0.2413793103448276,0.034482758620689655,0.3522167487684729,0.1354679802955665,0.19950738916256158,0.03694581280788178,1,0,1
0,0,1,5,37,1,1,2,2,3,2,0.0,0.2413793103448276,0.034482758620689655,0.3522167487684729,0.1354679802955665,0.19950738916256158,0.03694581280788178,1,0,1
2,2,1,5,36,5,1,2,2,2,1,3.0,0.2413793103448276,0.034482758620689655,0.3522167487684729,0.1354679802955665,0.19950738916256158,0.03694581280788178,0,0,1
1,1,1,5,36,3,1,2,2,2,1,1.0,0.2413793103448276,0.034482758620689655,0.3522167487684729,0.1354679802955665,0.19950738916256158,0.03694581280788178,0,0,1
0,1,1,5,36,2,1,2,2,2,1,3.0,0.2413793103448276,0.034482758620689655,0.3522167487684729,0.1354679802955665,0.19950738916256158,0.03694581280788178,0,0,1
0,0,1,5,36,1,1,2,2,2,1,4.0,0.2413793103448276,0.034482758620689655,0.3522167487684729,0.1354679802955665,0.19950738916256158,0.03694581280788178,0,0,1
0,2,0,5,35,3,1,2,2,2,1,5.0,0.2413793103448276,0.034482758620689655,0.3522167487684729,0.1354679802955665,0.19950738916256158,0.03694581280788178,1,0,1
0,1,0,5,35,2,1,2,2,2,1,1.0,0.2413793103448276,0.034482758620689655,0.3522167487684729,0.1354679802955665,0.19950738916256158,0.03694581280788178,1,0,1
0,0,0,5,35,1,1,2,2,2,1,1.0,0.2413793103448276,0.034482758620689655,0.3522167487684729,0.1354679802955665,0.19950738916256158,0.03694581280788178,1,0,1
0,1,2,4,29,2,1,2,2,2,1,3.0,0.2413793103448276,0.034482758620689655,0.3522167487684729,0.1354679802955665,0.19950738916256158,0.03694581280788178,0,0,1
0,0,2,4,29,1,1,2,2,2,1,0.0,0.2413793103448276,0.034482758620689655,0.3522167487684729,0.1354679802955665,0.19950738916256158,0.03694581280788178,0,0,1
1,1,2,4,28,3,1,2,2,2,1,1.0,0.2413793103448276,0.034482758620689655,0.3522167487684729,0.1354679802955665,0.19950738916256158,0.03694581280788178,1,0,1
0,1,2,4,28,2,1,2,2,2,1,0.0,0.2413793103448276,0.034482758620689655,0.3522167487684729,0.1354679802955665,0.19950738916256158,0.03694581280788178,1,0,1
0,0,2,4,28,1,1,2,2,2,1,0.0,0.2413793103448276,0.034482758620689655,0.3522167487684729,0.1354679802955665,0.19950738916256158,0.03694581280788178,1,0,1
1,2,1,4,27,4,1,2,2,2,1,5.0,0.2413793103448276,0.034482758620689655,0.3522167487684729,0.1354679802955665,0.19950738916256158,0.03694581280788178,1,0,1
1,1,1,4,27,3,1,2,2,2,1,5.0,0.2413793103448276,0.034482758620689655,0.3522167487684729,0.1354679802955665,0.19950738916256158,0.03694581280788178,1,0,1
0,1,1,4,27,2,1,2,2,2,1,3.0,0.2413793103448276,0.034482758620689655,0.3522167487684729,0.1354679802955665,0.19950738916256158,0.03694581280788178,1,0,1
0,0,1,4,27,1,1,2,2,2,1,0.0,0.2413793103448276,0.034482758620689655,0.3522167487684729,0.1354679802955665,0.19950738916256158,0.03694581280788178,1,0,1
0,0,1,4,26,1,1,1,1,2,1,0.0,0.2413793103448276,0.034482758620689655,0.3522167487684729,0.1354679802955665,0.19950738916256158,0.03694581280788178,1,0,1
1,2,0,4,25,4,1,1,1,2,1,5.0,0.2413793103448276,0.034482758620689655,0.3522167487684729,0.1354679802955665,0.19950738916256158,0.03694581280788178,1,0,1
1,1,0,4,25,3,1,1,1,2,1,1.0,0.2413793103448276,0.034482758620689655,0.3522167487684729,0.1354679802955665,0.19950738916256158,0.03694581280788178,1,0,1
0,1,0,4,25,2,1,1,1,2,1,3.0,0.2413793103448276,0.034482758620689655,0.3522167487684729,0.1354679802955665,0.19950738916256158,0.03694581280788178,1,0,1
0,0,0,4,25,1,1,1,1,2,1,3.0,0.2413793103448276,0.034482758620689655,0.3522167487684729,0.1354679802955665,0.19950738916256158,0.03694581280788178,1,0,1
3,2,2,3,19,6,1,1,1,2,1,5.0,0.2413793103448276,0.034482758620689655,0.3522167487684729,0.1354679802955665,0.19950738916256158,0.03694581280788178,1,0,1
2,2,2,3,19,5,1,1,1,2,1,5.0,0.2413793103448276,0.034482758620689655,0.3522167487684729,0.1354679802955665,0.19950738916256158,0.03694581280788178,1,0,1
2,1,2,3,19,4,1,1,1,2,1,4.0,0.2413793103448276,0.034482758620689655,0.3522167487684729,0.1354679802955665,0.19950738916256158,0.03694581280788178,1,0,1
1,1,2,3,19,3,1,1,1,2,1,0.0,0.2413793103448276,0.034482758620689655,0.3522167487684729,0.1354679802955665,0.19950738916256158,0.03694581280788178,1,0,1
1,0,2,3,19,2,1,1,1,2,1,3.0,0.2413793103448276,0.034482758620689655,0.3522167487684729,0.1354679802955665,0.19950738916256158,0.03694581280788178,1,0,1
0,0,2,3,19,1,1,1,1,2,1,3.0,0.2413793103448276,0.034482758620689655,0.3522167487684729,0.1354679802955665,0.19950738916256158,0.03694581280788178,1,0,1
1,2,1,3,18,4,1,1,1,2,1,5.0,0.2413793103448276,0.034482758620689655,0.3522167487684729,0.1354679802955665,0.19950738916256158,0.03694581280788178,1,0,1
1,1,1,3,18,3,1,1,1,2,1,5.0,0.2413793103448276,0.034482758620689655,0.3522167487684729,0.1354679802955665,0.19950738916256158,0.03694581280788178,1,0,1
0,1,1,3,18,2,1,1,1,2,1,3.0,0.2413793103448276,0.034482758620689655,0.3522167487684729,0.1354679802955665,0.19950738916256158,0.03694581280788178,1,0,1
0,0,1,3,18,1,1,1,1,2,1,1.0,0.2413793103448276,0.034482758620689655,0.3522167487684729,0.1354679802955665,0.19950738916256158,0.03694581280788178,1,0,1
2,1,0,3,17,4,1,0,0,1,0,4.0,0.2413793103448276,0.034482758620689655,0.3522167487684729,0.1354679802955665,0.19950738916256158,0.03694581280788178,0,0,1
1,1,0,3,17,3,1,0,0,1,0,0.0,0.2413793103448276,0.034482758620689655,0.3522167487684729,0.1354679802955665,0.19950738916256158,0.03694581280788178,0,0,1
0,1,0,3,17,2,1,0,0,1,0,3.0,0.2413793103448276,0.034482758620689655,0.3522167487684729,0.1354679802955665,0.19950738916256158,0.03694581280788178,0,0,1
0,0,0,3,17,1,1,0,0,1,0,3.0,0.2413793103448276,0.034482758620689655,0.3522167487684729,0.1354679802955665,0.19950738916256158,0.03694581280788178,0,0,1
2,2,0,3,16,5,1,0,0,1,0,3.0,0.2413793103448276,0.034482758620689655,0.3522167487684729,0.1354679802955665,0.19950738916256158,0.03694581280788178,1,0,1
1,2,0,3,16,4,1,0,0,1,0,5.0,0.2413793103448276,0.034482758620689655,0.3522167487684729,0.1354679802955665,0.19950738916256158,0.03694581280788178,1,0,1
1,1,0,3,16,3,1,0,0,1,0,5.0,0.2413793103448276,0.034482758620689655,0.3522167487684729,0.1354679802955665,0.19950738916256158,0.03694581280788178,1,0,1
0,1,0,3,16,2,1,0,0,1,0,1.0,0.2413793103448276,0.034482758620689655,0.3522167487684729,0.1354679802955665,0.19950738916256158,0.03694581280788178,1,0,1
0,0,0,3,16,1,1,0,0,1,0,0.0,0.2413793103448276,0.034482758620689655,0.3522167487684729,0.1354679802955665,0.19950738916256158,0.03694581280788178,1,0,1
0,1,2,2,12,2,1,0,0,1,0,4.0,0.2413793103448276,0.034482758620689655,0.3522167487684729,0.1354679802955665,0.19950738916256158,0.03694581280788178,0,0,1
0,0,2,2,12,1,1,0,0,1,0,0.0,0.2413793103448276,0.034482758620689655,0.3522167487684729,0.1354679802955665,0.19950738916256158,0.03694581280788178,0,0,1
3,2,2,2,11,6,1,0,0,1,0,0.0,0.2413793103448276,0.034482758620689655,0.3522167487684729,0.1354679802955665,0.19950738916256158,0.03694581280788178,1,0,1
2,2,2,2,11,5,1,0,0,1,0,1.0,0.2413793103448276,0.034482758620689655,0.3522167487684729,0.1354679802955665,0.19950738916256158,0.03694581280788178,1,0,1
1,2,2,2,11,4,1,0,0,1,0,4.0,0.2413793103448276,0.034482758620689655,0.3522167487684729,0.1354679802955665,0.19950738916256158,0.03694581280788178,1,0,1
1,1,2,2,11,3,1,0,0,1,0,0.0,0.2413793103448276,0.034482758620689655,0.3522167487684729,0.1354679802955665,0.19950738916256158,0.03694581280788178,1,0,1
1,0,2,2,11,2,1,0,0,1,0,3.0,0.2413793103448276,0.034482758620689655,0.3522167487684729,0.1354679802955665,0.19950738916256158,0.03694581280788178,1,0,1
0,0,2,2,11,1,1,0,0,1,0,3.0,0.2413793103448276,0.034482758620689655,0.3522167487684729,0.1354679802955665,0.19950738916256158,0.03694581280788178,1,0,1
1,2,1,2,10,4,1,0,0,1,0,0.0,0.2413793103448276,0.034482758620689655,0.3522167487684729,0.1354679802955665,0.19950738916256158,0.03694581280788178,1,0,1
1,1,1,2,10,3,1,0,0,1,0,4.0,0.2413793103448276,0.034482758620689655,0.3522167487684729,0.1354679802955665,0.19950738916256158,0.03694581280788178,1,0,1
1,0,1,2,10,2,1,0,0,1,0,4.0,0.2413793103448276,0.034482758620689655,0.3522167487684729,0.1354679802955665,0.19950738916256158,0.03694581280788178,1,0,1
0,0,1,2,10,1,1,0,0,1,0,0.0,0.2413793103448276,0.034482758620689655,0.3522167487684729,0.1354679802955665,0.19950738916256158,0.03694581280788178,1,0,1
0,1,0,2,9,2,1,0,0,1,0,0.0,0.2413793103448276,0.034482758620689655,0.3522167487684729,0.1354679802955665,0.19950738916256158,0.03694581280788178,1,0,1
0,0,0,2,9,1,1,0,0,1,0,3.0,0.2413793103448276,0.034482758620689655,0.3522167487684729,0.1354679802955665,0.19950738916256158,0.03694581280788178,1,0,1
1,1,2,1,3,3,0,0,0,1,0,5.0,0.2413793103448276,0.034482758620689655,0.3522167487684729,0.1354679802955665,0.19950738916256158,0.03694581280788178,1,0,1
0,1,2,1,3,2,0,0,0,1,0,3.0,0.2413793103448276,0.034482758620689655,0.3522167487684729,0.1354679802955665,0.19950738916256158,0.03694581280788178,1,0,1
0,0,2,1,3,1,0,0,0,1,0,1.0,0.2413793103448276,0.034482758620689655,0.3522167487684729,0.1354679802955665,0.19950738916256158,0.03694581280788178,1,0,1
1,1,1,1,2,3,0,0,0,1,0,0.0,0.2413793103448276,0.034482758620689655,0.3522167487684729,0.1354679802955665,0.19950738916256158,0.03694581280788178,1,0,1
0,0,1,1,2,1,0,0,0,1,0,0.0,0.2413793103448276,0.034482758620689655,0.3522167487684729,0.1354679802955665,0.19950738916256158,0.03694581280788178,1,0,1
0,0,0,1,1,1,0,0,0,1,0,0.0,0.2413793103448276,0.034482758620689655,0.3522167487684729,0.1354679802955665,0.19950738916256158,0.03694581280788178,1,0,1
